title,summary,categories
"권익위, 부패·공익신고 보상 확대. 수입회복액 30%·30억 상한 폐지 추진","부패방지권익위법·공익신고자보호법 시행령 등 개정안 입법예고 신고 유형별 보상기준 통일. 다음달 24일까지 의견 수렴 (서울=뉴스1) 국민권익위원회가 부패·공익신고자에 대한 보상을 대폭 확대하기 위해 수입회복액의 30%를 보상금으로 지급하고, 부패신고 등에 적용되는 보상금 30억 원 지급 상한을 폐지하는 방안을 추진한다.",정치
소비기한 지난 제품 보관. 급식시설 19곳 적발,"식약처, 사회복지시설·산후조리원 등 5천730곳 점검 소비기한이 지난 제품을 보관하거나 조리장 위생이 불량한 급식시설 19곳이 규제 당국에 적발됐다. 식품의약품안전처는 사회복지시설과 산후조리원 급식시설 5천730곳을 점검한 결과 식품위생법을 위반한 19곳을 적발하고 관할 관청에 행정처분을 요청했다고 14일 밝혔다.",사회/세계|라이프
"홍기원 의원, 검찰 보완 수사권 일부 남기는 형사소송법 개정안 발의","홍기원 의원, 검찰 보완 수사권 일부 남기는 형사소송법 개정안 발의 더불어민주당 홍기원 의원이 14일 국회 의안과에서 민주당이 추진 중인 형사소송법안에 검찰의 보완 수사권 일부를 남겨 두는 형사소송법 개정안 발의안을 제출하고 있다. 2026.7.14.",정치
"정점식 ""與, 상임위 독식 원하면 국회법 개정해 다 가져가라""","""레버리지 ETF 참사 주범 김용범 해임하고 경제라인 재정비해야"" 이정현 국민의힘 정점식 원내대표는 14일 더불어민주당의 국회 원구성 완료 압박과 관련, ""18개 상임위를 다 가져가야만 직성이 풀린다면 다 가져가라""라고 말했다. 정 원내대표는 이날 국회에서 열린 원내대책회의에서 ""대신 아예 원내 제1당이 18개 상임위원장직을 독식한다고 국회법을 단독 개정하고 가져가라.",정치
與 이성윤 최고위원직 사퇴 “선호투표제 당규 개정 용납 못해”,더불어민주당 이성윤 최고위원이 14일 최고위원직 사퇴 의사를 밝혔다. 이 최고위원은 이날 비공개 최고위원회를 마친 뒤 기자들과 만나 “선호투표제가 가능할 수 있도록 하는 당규 개정안에 대해 수도 없이 반대했다”며 “전준위는 오히려 당헌당규 위반되지 않는다는 결정을 해서 올렸다”고 했다.,정치
"李대통령, 15일부터 ‘국민과 함께하는 2차 업무보고’. 경쟁률 ‘6.3대 1’","19부 6처 18청 7위원회·140개 공공기관 대상 15일 재경부·국가데이터처·금융위·기획처 16일 과기부·방미통위·개보위·국토부·농림부 등 국민참여단 매회 20명·총 200명 현장 참석 이재명 대통령은 15일부터 19부 6처 18청 7위원회·140개 공공기관을 대상으로 ‘국민과 함께하는 2차 업무보고’를 받는다. 이번 업무보고에 참여하는 국민은 총 200명으로, 6.3대 1의 경쟁률을 뚫고 현장에 참석하게 됐다.",정치
"文 前대통령 ‘사위 취업 뇌물혐의’ 재판, 6개월만에 오늘 재개",뇌물 혐의로 기소된 문재인 전 대통령의 재판이 14일 6개월 만에 재개된다. 서울중앙지법 형사합의21부(부장판사 조순표)는 이날 오후 2시 특정범죄가중처벌 등에 관한 법률 위반(뇌물) 혐의를 받는 문 전 대통령과 뇌물공여 등 혐의를 받는 이상직 전 국회의원의 5번째 공판준비기일을 진행한다.,정치
"정청래 ""당헌·당규 개정없이 선호투표 적용시 무효소송 인용 가능성 커""","14일 김어준의 뉴스공장 출연 ""청년최고위원, 당헌·당규상 근거 하나도 없어"" 더불어민주당 당대표 선거에 출마한 정청래 전 대표가 당헌·당규를 개정하지 않고 선호투표제를 적용시 추후 법원에서 무효 판단받을 가능성이 높다고 14일 말했다. 정 전 대표는 유튜브 채널 ‘김어준의 뉴스공장’에 출연해 이같이 말했다.",정치
여성단체들이 '검찰 보완수사권 완전 폐지' 반대하는 이유,"6개 여성단체, 김남희·김동아·손솔 의원 등과 '여당발 형소법 개정안'에 우려 표시 기자회견에 함께 한 여성단체 활동가들은 현장에서 실제로 발생하는 우려의 목소리들을 전했다. 국회 법제사법위원회 소속인 김남희·김동아 민주당 의원은 13일 손솔 진보당 의원과 한국성폭력상담소·한국여성의전화·한국여성민우회·한국여성노동자회 등 6개 여성단체와 함께 국회 소통관에서 '형사소송법 개정, 피해자에게 개악이면 안 된다'라는 회견을 열었다.",정치
"한동훈 ""법무부·특검에 '장기 출국금지' 이유 정보공개 청구""","한동훈 무소속 의원이 장기간 출국금지 이유에 대해 정부를 상대로 정보공개를 청구하겠다고 밝혔습니다. 한 의원은 오늘(14일) SNS에 ""민주당 정치특검과 정성호 법무부는 저를 장기간 출국금지한 이유를 밝히지 못하고 있다""며 ""도대체 무슨 이유로 선거를 앞두고 장기간 출국금지 당했는지 법무부와 특검을 상대로 공공기관의 정보공개에 관한 법률 제10조에 따른 정보공개를 청구하겠다""고 말했습니다.",정치
가족의 환송 받으며',(서울=뉴스1) 공군은 오는 17일부터 8월 7일까지 호주 다윈 기지에서 열리는 대규모 다국적 연합공중훈련 '2026 피치블랙(Pitch Black)' 훈련에 참가한다고 14일 밝혔다. 이날 공군 서산기지에서 열린 출정식에서 임무 조종사들이 훈련참가를 앞두고 자녀와 환송인사를 나누고 있다.,라이프
"공군, ‘피치블랙 훈련' 위한 물자 적재",(서울=뉴스1) 공군은 오는 17일부터 8월 7일까지 호주 다윈 기지에서 열리는 대규모 다국적 연합공중훈련 '2026 피치블랙(Pitch Black)' 훈련에 참가한다고 14일 밝혔다. 사진은 피치블랙 훈련에 필요한 장비와 물자 등을 KC-330 다목적공중급유수송기에 적재하고 있는 모습.,라이프
"왕이 중국 외교부장, 이르면 다음 달 방한 가능성. 한중 외교당국 조율 중",왕이 중국 외교부장 왕이 중국 공산당 중앙외사판공실 주임 겸 외교부장의 방한이 다음 달 중국 전현직 지도부의 비공개회의인 베이다이허 회의가 끝난 이후로 조율되고 있습니다. 북중 밀착과 중동 정세 변화 등으로 지연됐던 왕 부장의 방한이 성사되면 그동안 주춤했던 한중 간 고위급 전략 소통이 다시 본격화할 것으로 보입니다.,정치
李대통령 15일부터 2차 업무보고. 국민참여단 200명도 부처보고 받는다,19부 6처 18청 7위원회 및 140개 공공기관 대상 (서울=뉴스1) 이재명 대통령이 15일부터 청와대 영빈관에서 국민과 함께하는 두 번째 부처 업무보고를 주재한다고 청와대가 14일 밝혔다. 이번 업무보고 슬로건은 '삶으로 체감하는 대체불가 대한민국'으로 국무조정실을 포함해 19부 6처 18청 7위원회 및 140개 공공기관이 보고 대상이다.,정치
"출국금지 풀린 한동훈 ""특검·법무부, 이유 못 밝혀. 정보공개 청구""",무소속 한동훈 의원이 14일 자신에 대한 출국금지 조치 사유에 대한 정보공개 청구에 나서겠다고 밝혔다. 한 의원은 이날 페이스북을 통해 “민주당 정치특검과 정성호 법무부는 저를 장기간 출국금지한 이유를 밝히지 못하고 있다”고 말했다.,정치
"이 대통령, 내일부터 2차 업무보고 시작. 국민참여단 200명 선발",이재명 대통령은 오는 15일부터 재경경제부를 시작으로 총 9회에 걸쳐 국민과 함께하는 두 번째 부처 업무보고를 청와대 영빈관에서 주재한다. 청와대는 14일 공지를 통해 이번 업무보고 슬로건은 ‘삶으로 체감하는 대체불가 대한민국’이라고 밝혔다.,정치
"홍준표 ""尹 '여론조사' 징역형 옳은 판단, 오세훈도 위험""","""장동혁, 지금 그만두면 정치판에서 매장"" 서이현 홍준표 전 대구시장이 윤석열 전 대통령에 대한 1심 징역형 판결을 정확한 판단이었다고 평가하며 같은 사건에 연루된 오세훈 서울시장 재판 결과도 낙관하기 어렵다고 전망했다. 홍 전 시장은 13일 밤 CBS라디오 '박재홍의 한판승부'에 출연해 이날 나온 윤 전 대통령 1심 판결을 두고 ""정확한 판단을 한 것 같다""고 밝혔다.",정치
"인감변경신고, 주소지 아닌 가까운 주민센터에서도 가능해진다","권익위, 인감증명법 개정·수기 인감대장 전산화 추진 전자본인서명확인서 현장 활용 절차도 매뉴얼 반영 (서울=뉴스1) 국민권익위원회가 주소지 관할 주민센터에서만 가능했던 인감변경신고를 전국 모든 읍·면·동 주민센터와 출장소에서도 할 수 있도록 하는 제도 개선을 행정안전부에 권고했다. 권익위는 14일 이 같은 내용을 담은 '인감증명 및 본인서명확인 제도 이용편의 제고 방안'을 마련해 행안부에 권고했다고 밝혔다.",정치
"송영길 “저는 민주당 지키기 위해 탈당, 정청래는 철저하게 ‘선청후당’”",“당권 위해 대선에 출마 않겠다? 너무 엇나간 뜬금없는 얘기” 더불어민주당의 8·17 전당대회에서 출사표를 던진 송영길 의원은 경쟁자인 정청래 전 대표가 자신의 탈당 이력을 비판한 것과 관련 “제 탈당은 민주당을 지키기 위한 탈당이었다”라고 14일 반박했다.,정치
"""국민이 현기증 호소할 지경"". 국힘, 코스피 폭락에 李정부 책임론","14일 野정점식 원내대표 원내대책회의 발언 ""삼전·하닉 ETF, 주식시장 도박판으로 만들어"" ""결정 주도한 건 김용범. 李대통령은 해임해야"" 국민의힘은 14일 코스피 폭락이 이어지는 데 대해 이재명 정부의 책임을 정조준했다.",정치|경제
"이 대통령, 내일부터 나흘간 ‘2차 업무보고’. 국민 200명도 참석","이재명 대통령은 내일(15일)부터 청와대 영빈관에서 나흘간 모두 9차례에 걸쳐 ‘2차 업무보고’를 받습니다. 청와대는 오늘 “이번 업무보고 슬로건은 ‘삶으로 체감하는 대체 불가 대한민국’으로, 대상 기관은 국무조정실, 19부 6처 18청 7위원회를 포함해 국민 체감형 민생 사업을 추진하는 140개 공공기관”이라며 계획을 공개했습니다.",정치
李대통령 두 번째 생중계 업무보고 15일 시작. 7·8월 나눠 9회 진행,"국조실, 19부 6처 18청 7위원회, 140개 공공기관 대상 재경부·데이터처·금융위·기획처 내일 오전 첫 업무보고 국민참여단 신청자 1259명 중 연령 등 고려 200명 선정 이재명 대통령이 주재하는 두 번째 생중계 업무보고가 오는 15일부터 7월과 8월 두 달에 나뉘어 총 나흘 간 진행된다. 청와대는 이 대통령이 오는 15일부터 두 번째 부처 업무보고를 총 9회에 걸쳐 청와대 영빈관에서 주재한다고 14일 밝혔다.",정치
"정점식 ""민주, 국회법 고쳐 원내 1당이 18개 상임위 다 가져가라""","""무의미한 시간 끌기로 여야간 협상 존재하는 것처럼 국민 속이지 말아야"" ""ETF 참사 주범 김용범에 한국 경제 맡길 수 없어. 해임해야"" (서울=뉴스1) 김정률 정점식 국민의힘 원내대표는 14일 더불어민주당을 향해 ""원내 제1당이 18개 상임위원장직을 모두 독식한다고 국회법을 단독으로 개정하고 가져가길 바란다""며 ""그러면 국민의힘도 상임위원회에 들어가겠다""고 밝혔다.",정치
"송영길 ""정청래, '대선 불출마' 뜬금없어. 내 탈당은 당 지키기 위한 것""","민주당 송영길 의원 더불어민주당 친명(친이재명)계 당권 주자인 송영길 의원은 경쟁자인 정청래 전 대표가 자신의 탈당 이력을 비판하는 것과 관련해 ""내 탈당은 민주당을 지키기 위한 탈당이었다""라고 반박했습니다. 송 의원은 오늘(14일) CBS 라디오에 출연해 정 전 대표에 대해 자신이 당 대표였던 2021년 정 전 대표가 해인사의 문화재 관람료 징수를 '봉이 김선달'에 빗댄 발언한 것을 거론하면서 이같이 말했습니다.",정치
기자 회견 입장하는 홍기원 의원,더불어민주당 홍기원 의원이 14일 민주당이 추진 중인 형사소송법안에 검찰의 보완 수사권 일부를 남겨 두는 형사소송법 개정안 회견을 하기 위해 국회 회견장에 입장하고 있다.,정치
"아부다비 쉐이크쉑, ‘엉터리 태극기’ 담긴 월드컵 굿즈 제공 비난",엉터리 태극기가 새겨진 아랍에미리트 쉐이크쉑 굿즈. 서경덕 교수 SNS 캡처 글로벌 버거 브랜드 쉐이크쉑의 아랍에미리트(UAE) 아부다비 한 지점에서 태극기가 잘못 그려진 월드컵 굿즈를 고객에게 제공해 비판이 제기됐다.,사회/세계
"국힘 박수영 ""전남광주 정전횟수 수도권 1.5배. 전력안정화부터""","서남권 반도체 클러스터 투자가 예정된 전남광주 지역의 정전 빈도가 수도권의 약 1.5배에 달하는 것으로 조사됐다고 국민의힘 박수영 의원이 14일 밝혔다. 박 의원이 한국전력으로부터 제출받은 지역별 호당 정전시간과 정전횟수 자료에 따르면, 1호(가구)당 연간 정전 발생 횟수를 뜻하는 호당 정전 횟수는 2025년 기준 전남광주가 0.13회로 서울·인천(0.078회), 경기(0.085회) 등 수도권에 비해 약 1.5∼1.7배에 달하는 것으로 나타났다.",사회/세계|정치
與 '중복상장 금지' 법으로 못박는다. 자본시장법 개정 추진,"안도걸 등 K자본시장특위 의원 중심 당내 의견 수렴 거래소 심사기준 법률로 끌어올려 ‘쪼개기 상장’ 엄격 제한 더불어민주당이 모회사 일반주주에게 피해를 주는 자회사의 중복상장을 법률로 제한하는 입법에 나선다. 자회사 상장을 추진하는 모회사 이사회에 주주 영향 평가와 보호 방안 마련을 의무화하고, 물적분할 자회사 상장 때는 모회사 주주의 의사를 반영하도록 하는 내용이다.",경제|사회/세계
"李대통령, 카타르 전 군주 서거에 강훈식 조문 특사 파견","14일 출국, 이 대통령 조의 전한 뒤 16일 귀국 이재명 대통령은 셰이크 하마드 빈 할리파 알사니 전 카타르 군주 서거 소식에 14일 강훈식 비서실장을 조문 특사로 파견하고 조전을 발송하기로 했다. 강 실장은 이날 오후 카타르로 출국해 조문 특사로서 이 대통령의 조의를 전하고 16일 귀국할 예정이다.",정치
"정점식 “민주당, 국회법 개정하고 18개 상임위 모두 가져가시길”",“선관위 특검은 야당 추천으로” 정점식 국민의힘 원내대표는 14일 “민주당이 18개 상임위를 모두 가져가겠다는 협박성 언론 플레이를 자복하고 있다. 다 가져가야만 직성이 풀린다면 다 가져가라”고 강조했다.,정치
"""일 잘하는 직원 줬더니 사장만 폭탄"". 건보료 역차별 17만명",건보법 시행령 38조 역설. 성실 신고 사업주가 오히려 역차별 우수 직원에게 본인보다 많은 급여를 준 개인사업장 사장이 실제 소득과 무관하게 건강보험료 폭탄을 떠안는 사례가 14일 국회에서 공식 확인됐다.,정치|경제
"인감도장 잃어버려도, 전국 어디서나 인감변경 신고 가능","권익위, '인감증명·본인서명확인 이용편의 제고 방안' 개선 권고 수기 인감대장 전산화 기반 마련, 전자본인서명확인서 활용 확대 인감도장이 없어도 앞으로는 가까운 주민센터에서 인감변경신고를 할 수 있게 돼, 타지에서 생활하던 직장인, 학생들의 불편이 줄어들 것으로 기대된다. 국민권익위원회는 '인감증명 및 본인서명확인 제도 이용편의 제고 방안'을 마련하고, 행정안전부에 '인감증명법'을 개정할 것을 권고했다고 14일 밝혔다.",사회/세계
"""한동훈 복당 반대"" 안철수 향해 친한계 반발 ""숙주정치"", ""배제정치""","국민의힘 안철수 의원이 무소속 한동훈 의원을 향해 ""당에 얼씬도 하지 말라""며 복당을 공식적으로 반대한 데 대해 친한계 의원들이 반발했습니다. 박정하 의원은 오늘 MBC 라디오 '김종배의 시선집중'에 출연해 ""숙주정치에 잘못 발을 담그신 것 아닌가라는 생각이 들어 안쓰럽고 안타깝다""고 말했습니다.",정치
"정청래 ""분열 세력 주류 되면 안 돼. 나 자체가 핵심 코어지지층""","더불어민주당 차기 당권주자인 정청래 전 대표가 당 코어(핵심) 지지층이 흔들리는 요인에 대해 ""우리 전통 지지층을 분열시키는 세력이 주류가 되면 안 된다는 것""이라며 ""많은 당원이 그 생각을 하지 않을까 싶다""고 밝혔다. 정 전 대표는 14일 오전 유튜브 '김어준의 겸손은 힘들다 뉴스공장'에 출연해 ""대표적인 멸칭인 '문조털래유'(문재인·조국·김어준·정청래·유시민) 등의 논란이 점점 커지는 것은 전통 지지층 사이에서 이상하다고 생각할 수 있는 부분""이라며 ""김대중·노무현·문재인·이재명 대통령으로 이어지는 한 뿌리 공동체인데 어느 순간부터 그 뿌리를 자르려는 게 아니냐는 의심이 생기기 시작한 것""이라며 이같이 말했다.",정치
"野, 민주 겨냥 ""차라리 '상임위 독식' 법 만들라. 그럼 상임위 들어간다""","14일 정점식 원내대표 원내대책회의 발언 ""'18개 상임위 독식' 압박. 다 가져가야 직성 풀리겠나"" ""선관위 특검 1호는 '李 밥친구' 위철환.",정치
"정청래 ""혁신당 합당 제안 당일, '코스피 5000' 될 줄 누가 알았나""","더불어민주당 대표 선거에 출마한 정청래 전 민주당 대표가 ""(재임 중) 청와대와 엇박자를 낸 바 없다""고 주장했다. 정 전 대표는 14일 오전 유튜브 '김어준의 겸손은힘들다 뉴스공장' 생방송에 출연해 ""당청정(민주당·정부·청와대)이 조율해 수많은 입법 성과를 내지 않았나""라고 말했다.",정치
"경찰 ""'중수청 사건이첩 요구 거부권' 필요. 구체적 기준 없어""","경찰, 행안부에 중수청법 시행령 검토 의견 제출 ""압수수색·체포 등 강제수사 이첩 요청 거부 필요"" ""신속 이첩 등 어려워 민생 사건 처리 지연 초래"" 오는 10월 중대범죄수사청 출범을 앞두고 경찰이 모호한 기준의 중수청의 사건 이첩 요구를 거부할 수 있도록 하는 방안을 요구한 것으로 나타났다. 14일 서범수 국민의힘 의원실이 확보한 '중수청법 시행령 제정안에 대한 경찰청 검토의견'에 따르면 경찰청은 최근 행정안전부에 보낸 이 같은 주장을 전달했다.",사회/세계
"송영길, 정청래 직격 ""李 외친다고 '명청대전' 사라지나. 대선 불출마도 뜬금포""","더불어민주당 차기 당권주자인 송영길 의원이 정청래 전 당 대표를 향해 ""혼자 이재명 (대통령)을 몇 번 외친다고 명청(이 대통령-정 전 대표)대전이 없어지는가""라고 직격했다. 송 의원은 14일 오전 CBS 라디오 '박성태의 뉴스쇼'에 출연해 ""청와대 기류를 언론이 분석을 해보면 대통령께서 몇 번이나 공개적인 모습을 통해 (정 전 대표가 지방선거에서) 이겨야 될 것을 졌다고 말하고, 김민석 후보의 말을 보더라도 대통령이 표정을 관리할 수 없을 정도로 분노했다는데, 갈등이 없다는 건 스토커가 아닌가""라며 이같이 말했다.",정치
송영길 “정청래는 이재명 스토커 수준. 무슨 이런 여당 대표가 있나 분노”,송영길 더불어민주당 의원이 14일 정청래 의원을 향해 “이재명 대통령 스토커”라고 말했다. 차기 당대표 출마를 선언한 정 의원이 “명청 갈등은 없다”고 주장하는 데 대해 “자기모순”이라고 비판한 것이다.,정치
"황현선, 김민석·정청래 합당 거론에 ""스토킹 범죄 수준. 식민지 취급하나""",황현선 조국혁신당 최고위원 후보가 더불어민주당 당권 주자들의 연이은 합당 관련 발언을 두고 스토킹 범죄에 빗대 불쾌감을 드러냈다. 혁신당 의사와 무관하게 민주당 당권 다툼의 소재로 활용되고 있음을 지적한 것이다.,정치
"中 왕이, 내달 방한 조율. '북한 비핵화' 의지 확인하나","왕이 중국 외교부장이 내달 중 한국을 방문하는 일정을 조율 중인 것으로 전해졌다. 외교부는 14일 언론공지를 통해 ""한중 외교장관 교류 관련 중국 측과 실무적으로 긴밀히 협의하고 있다""고 밝혔다.",정치
"현대로템 K2 전차, 국내 첫 나토 인증. 시장 공략 탄력",나토 입찰 자격요건 충족 현대로템 K2 전차가 북대서양조약기구(NATO·나토) 품질보증시스템 인증을 획득하며 글로벌 방산시장 공략에 속도를 낸다. 현대로템은 지난 13일 경기 의왕 본사에서 국방기술품질원과 나토 품질보증시스템(AQAP) 인증 수여식을 열고 'AQAP-2110' 인증을 받았다고 14일 밝혔다.,사회/세계|경제
"북한, 태풍 ‘바비’ 영향권. “최대로 긴장 각성하라”","북한이 제9호 태풍 ‘바비’에서 약화한 열대저압부의 영향으로 14일부터 15일까지 폭우와 강풍이 예상되자 각 지역과 기관에 철저한 수해 대비를 주문했다. 노동당 기관지 노동신문은 ‘폭우와 많은 비, 센바람이 예견된다’는 제목의 기사를 통해 기상수문국이 폭우와 많은 비, 강풍에 대한 주의 경보를 발령했다고 14일 보도했다.",사회/세계
송영길 “鄭 ‘대선 불출마’ 뜬금없어. 난 들러리 아닌 6선 주자”,“대선 염두에 둔 것처럼 비치는 발언” “혼자 이재명 외친다고 갈등 사라지지 않아” “전당대회 페이스메이커로 나온 것 아냐” 더불어민주당 당대표 선거에 출마한 송영길 의원은 14일 “(정청래 전 대표의) 당권을 이용해 대선에 출마하지 않겠다는 발언은 뜬금없는 이야기”라며 “누가 자기보고 대선에 출마하라고 했느냐”고 지적했다. 아울러 “(이번 전당대회에) 들러리나 페이스메이커로 나온 것이 아니다”라며 전당대회 완주 의지를 분명히 했다.,정치
"김남국 ""조국 '노' 발언 논란 부적절"". 합당엔 ""갈 수밖에 없다""",더불어민주당 김남국 의원이 조국 전 조국혁신당 대표의 '노' 발언 논란 가세를 두고 부적절했다는 입장을 밝혔다. 과거 '조국 사태' 당시부터 조 전 대표를 적극 옹호해온 김 의원은 14일 YTN라디오 '장성철의 뉴스명당'에 출연해 이같이 말했다.,정치
원내대책회의 참석하는 정점식 원내대표,원내대책회의 참석하는 정점식 원내대표 정점식 원내대표가 14일 국회에서 열린 원내대책회의 참석하기 위해 회의실로 향하며 대화하고 있다. 2026.7.14.,정치
"정점식 ""'코스피 폭락 책임' 김용범 정책실장 해임하라""","정점식 국민의힘 원내대표가 최근 코스피 폭락의 책임을 물어 김용범 청와대 정책실장을 해임하고 경제 라인을 전면 재정비하라고 주장했다. 정 원내대표는 14일 오전 서울 여의도 국회에서 열린 원내대책회의에서 ""전날 코스피가 9% 가까이 폭락하면서 7000선이 무너졌다""며 "" 증시가 폭락할 때 일정 시간 주식 거래를 전면 차단하는 서킷 브레이커가 2000년부터 지난해까지 6번 발동됐는데, 올해 들어서만 무려 7번 발동됐다""고 밝혔다.",정치|경제
"정부, 공익신고 보상금 '30%로 일원화·30억 상한 폐지' 추진","""인감 변경 신고, 전국 주민센터서 가능토록"" 제도개선 권고 정부가 공익 신고자에 대한 보상금을 수입 회복액의 30%로 일원화하고 상한도 없애는 방안을 추진한다. 국민권익위원회는 이런 내용을 골자로 하는 부패방지권익위법 시행령·공익신고자 보호법 시행령·공공재정환수법 시행령 일부개정안을 마련해 입법예고한다고 14일 밝혔다.",정치
"송영길 ""정청래 '대선 불출마' 뜬금. 대표는 대통령과 힘 합쳐야""","더불어민주당 당권 주자인 송영길 의원은 14일 CBS 라디오에서 정청래 전 대표가 자신의 탈당 이력을 비판하는 것과 관련해 ""내 탈당은 민주당을 지키기 위한 탈당이었다""라고 반박했다. 송 의원은 또 정 전 대표가 전날 당 대표 선거에 출마하면서 ""대표직을 이용해 대선에 출마하지 않겠다""고 말한 것에 대해 ""임기 4년이 남은 정권에서 대선 얘기를 하는 것도 좀 생뚱맞은 얘기인데 당권을 위해 대선에 출마하지 않겠다는 것은 너무 엇나간 뜬금없는 얘기""라고 비판했다.",정치
정청래 “대표직 이용해 대선 출마 안 해”,"진행: 하어영 한겨레. 출연: 권태호 한겨레 편집인, 여선웅 민주당 부대변인, 이세영 한겨레 논설위원 전대 나선 정청래, “대표직 이용해 대선 출마 안 해”/이 대통령 “추가세수, 3대 메가·청년 집중 투자”/여당 법사위원까지 ‘보완수사권 폐지’ 반기/한동훈·안철수·이준석 공방 격화 보수 야권 ‘난전’/이진관 , ‘명태균 여론조사’ 윤석열 징역 2년 선고.",정치
한동훈 출국금지 3개월만 해제. 권창영 특검 '빈손 수사' 논란,"""초대형 국정농단 의심""이라더니. 박상용 출금도 해제 韓 ""정치특검 직권남용 범죄.",정치
형사소송법 개정안 발표하는 홍기원 의원,홍기원 더불어민주당 의원이 14일 오전 서울 여의도 국회 소통관에서 사회적 약자 등 보호를 위한 보완 수사권 일부 존치 '형사소송법’ 개정안 대표 회견에서 발언하고 있다. 2026.07.14.,정치
"“516명 말고 최소 3명 더 있다”. 정부, 곧 심의 착수","전후 납북자', 6.25 전쟁 이후 북한에 납치, 억류된 우리 국민을 말합니다. 1960, 70년대 납북된 어민들이 대표적인데요.",정치
“명청대전 말고 ‘석길래’로. 섞여 섞여” 최민희의 말,"왼쪽부터 더불어민주당 정청래 전 대표, 송영길 의원, 김민석 전 국무총리. 뉴시스 더불어민주당 최고위원 경선에 나선 최민희 의원은 13일 당내 갈등을 유발하는 ‘명청대전’ 표현 대신 ‘석길래’(김민석·송영길·정청래)를 사용하자고 제안했다.",정치
"""힘없는 사람은. "" 부산 돌려차기 피해자, '보완수사권 존치' 호소","부산 돌려차기' 사건 피해자 김진주(가명) 씨가 13일 국회를 찾아 검찰의 보완수사권을 존치해야 한다고 호소했습니다. 김 씨는 이날 무소속 한동훈 의원과 비공개 면담 이후 취재진과 만나 ""이 사안의 핵심 당사자인 범죄 피해자들을 제외하고 (입법이) 진행되는 흐름이 과연 옳은가""라며 이같이 말했습니다.",정치
"추미애 “검찰개혁, 기득권 저항 클수록 바른 길. 실력자 믿어달라”","“큰 병 수술엔 최고의 의사 찾듯 검찰개혁도 전문가 필요” “‘설익은 법안’ 대신 검찰개혁 이끈 실력자 의견 반영 촉구” “‘수사는 경찰, 기소는 검찰’ 선진 사법체계 원칙도 재강조” 추미애 경기도지사가 검찰개혁 입법을 둘러싼 당내 논의와 관련해 “설익은 법안을 느닷없이 발의할 것이 아니라 실력 있는 전문가들의 의견에 귀 기울여야 한다”고 밝혔다. 추 지사는 13일 자신의 페이스북에 “큰 병을 수술하려는 환자는 최고의 실력을 갖춘 의사를 찾는다”며 “검찰이 언론·재벌·법조 카르텔과 유착하고 세력을 키워 내란을 일으키기까지 이른 우리 사회를 고질적 중병으로부터 건져 올리는 것이 검찰개혁”이라고 적었다.",정치
김정은과 시진핑의 엄청난 ‘밀약’,"지난달 8일 시진핑(習近平) 중국 국가주석은 북한을 1박 2일간 방문해 이런 밀약을 했다고 한다. “앞으로 핵실험과 대륙간탄도미사일(ICBM)과 같은 대량살상무기 시험은 반드시 중국에 통보하고, 중국 동의하에서만 진행해야 한다.",정치
투자 방안 밝히는 李대통령,이재명 대통령이 13일 청와대에서 ‘과감한 혁신과 투자로 여는 대체불가 대한민국’을 주제로 열린 2026년 국가재정전략회의에서 발언하고 있다. 이 대통령은 “미래대응기금을 신설해 미래·청년·지방·교육 등 국가의 미래를 좌우할 4대 분야에 집중 투자하겠다”고 밝혔다.,정치
지주사 규제 완화. 하이닉스 호남팹 외부투자 유치 가능해진다,"당정, 첨단전략산업법 개정안 비수도권에 증손회사 설립때 지분 보유 의무 100%50% 정부·여당이 지주회사의 손자회사가 비수도권에 증손회사를 설립할 때 지분 보유 의무를 완화하는 방안을 추진한다. 향후 SK하이닉스가 호남 반도체 공장 증설 등 지방 투자 시 외부 자금 수혈이 가능해져 재무 부담을 덜 수 있을 것으로 보인다.",IT/과학|경제|정치
"한동훈, '부산 돌려차기' 피해자 만나. ""경수완독 되면 피해자만 싸운다""","돌려차기 사건' 피해자 ""범죄 피해자 목소리 빠진 검찰개혁 우려"" 한동훈 무소속 의원이 13일 '부산 돌려차기' 사건 피해자 김진주씨(가명)를 만나 더불어민주당의 검찰 보완수사권 폐지 추진을 비판했다. 한 의원은 보완수사권이 폐지되면 경찰 수사에 대한 견제 기능이 약화돼 피해자 보호에 공백이 생길 수 있다며 제도 존치 필요성을 강조했다.",정치
"이 대통령, '병사 못본 총' 보도에 ""조작 기초한 정치 공격""","이재명 대통령은 지난달 연평부대에서 자신이 사용한 총기가 일선엔 지급되지 않았단 보도에 대해 조작에 기초한 정치적 공격은 온당한 태도가 아니라고 지적했습니다. 이 대통령은 오늘(13일) SNS에, 자신이 실탄 10발을 명중시킨 총을 병사들은 본 적도 없다는 조선일보 보도는 사실과 다르다고 반박한 오마이뉴스 기사를 올리며 이같이 적었습니다.",정치
"김재원, 조국 '무섭노' 논란 직격. ""니 왜 이카노? 언제 정신 차릴라 카노""","""리센느 겨냥 안 했다"" 해명에 ""말장난 말고 진짜 사과해야"" 김재원 국민의힘 최고위원이 걸그룹 리센느의 '무섭노' 발언 논란과 관련해 조국 전 조국혁신당 대표를 향해 ""진짜 사과를 해야 한다""고 비판했다. 김 최고위원은 13일 열린 국민의힘 최고위원회의에서 ""22살 거제 출신 아이돌이 고향 말을 썼다는 이유로 하루아침에 조리돌림을 당했다""며 ""어제 나온 사과는 '리센느를 겨냥한 적이 없다'는 발뺌뿐이었다""고 말했다.",정치
"박지원 ""조국, 똑똑한 사람인데 왜 바보 같은 짓 하나""","박지원 더불어민주당 의원이 걸그룹 리센느의 '무섭노' 발언을 둘러싼 논란과 관련해 조국 전 조국혁신당 대표를 향해 ""나랑 가깝고 똑똑한 사람인데 왜 바보 같은 짓을 하는지 모르겠다""며 자숙을 권했다. 박 의원은 13일 SBS라디오 '김태현의 정치쇼'에 출연해 최근 조 전 대표가 일베식 '노' 표현 논란과 관련해 해명 글을 올린 데 대해 ""일주일 사이 글 30여 개를 올렸다고 하는데 그럴수록 민심과 더욱 멀어진다""고 말했다.",정치
"정청래, SNS에 '알겠어 정청래 찍을게' 공유. ""누가 만들었을까""","""그저 감사할 뿐"". 李대통령과 나란히 앉은 홍보물도 게시 (서울=뉴스1) 더불어민주당 당대표 선거에 출마하는 정청래 전 대표는 13일 회견에서 지지자들이 연호한 '알정찍'(알겠어 정청래 찍을게)이라는 문구를 사회관계망서비스(SNS)에 게시했다.",정치
"""수사·기소 분리, 신념 돼선 안 돼"". 與, 보완수사권 놓고 내홍","고민정·박범계 ""부작용 검토 후 추진"" 정청래 ""닥치고 지금 당장 전면 폐지"" 추미애 ""기득권 저항 클수록 바른길"" 더불어민주당에서 검찰 보완수사권 폐지를 둘러싸고 공개적으로 이견이 표출되고 있다. 고민정 의원과 박범계 의원은 13일 속도 조절을 주문했고, 정청래 전 대표와 추미애 경기지사는 폐지를 주장했다.",정치
"선관위, 송파 투표지 247만장 육안 검증한다. 전 과정 영상 공개","직원 440명 투입, 분류기 없이 한 장씩 확인. 참관인 105명 (서울=뉴스1) 중앙선거관리위원회가 6·3 지방선거 서울 송파구 투표지 247만6661장을 정당 참관인 입회 아래 육안으로 검증하고 전 과정을 영상으로 공개하는 내용의 재검표 방안을 국회에 보고한 것으로 13일 확인됐다.",정치
"김민재 행안부 차관, 이집트 디지털정부 협력포럼 참석",김민재 행정안전부 차관이 13일(현지시간) 이집트 카이로 포시즌스 호텔에서 열린 '한-이집트 디지털정부 협력포럼'에서 참석자들과 기념촬영하고 있다.,정치
"범여권 ""'명태균 여론조사' 尹 징역 2년, 당연한 결과. 오세훈도 심판 내려야""","범여권은 13일 윤석열 전 대통령이 명태균 씨로부터 무상 여론조사를 제공받은 혐의로 1심에서 징역 2년을 선고받은 것과 관련해 일제히 판결을 환영하며, 오세훈 서울시장 사건에 대해서도 엄정한 사법적 판단을 촉구했다. 더불어민주당 소속 서영교 국회 법제사법위원장은 이날 페이스북에 '서울의 윤석열, 오세훈에게도 법의 철퇴가 내려져야 합니다'라는 제목의 글을 올리고 ""윤석열의 명태균 게이트 유죄와 징역 2년 선고는 너무나도 당연한 결과""라고 밝혔다.",정치
"김민재 행안부 차관, 이집트 통신정보기술부 차관 면담",김민재 행정안전부 차관이 13일(현지시간) 이집트 카이로 포시즌스 호텔에서 마흐무드 바다위(Mahmoud Badawy) 이집트 통신정보기술부 차관과 면담을 갖고 디지털정부 협력센터 운영과 디지털정부 분야 협력 강화 방안을 논의하고 있다.,정치
"이재명 ""전력 남을 땐 싸게"". 가정용 전기요금 차등제 제안","이재명 대통령은 13일 ""지금 가정용 전기 요금은 밤이나 낮이나 가격이 똑같아 (에너지 효율 측면에서) 아직은 안 맞는 부분이 있다""며 요금 체계 개편의 필요성을 제기했습니다. 이 대통령은 이날 청와대에서 주재한 국가재정전략회의에서 ""전기 요금 체계를 좀 바꿔서 전력이 남아도는 시간에는 싸고, 피크타임으로 전력이 부족한 시간에는 비싸게 (책정해야 하는 것 아닌가)""라며 이같이 밝혔습니다.",정치
鄭 '연임도전'에 與전대 대진표 확정. 선호투표제 갈등도 계속(종합2보),"鄭 ""대표직 이용해 대선 출마 안 해"". 金 ""대선 연결하는 건 무의미"" 김정진 안정훈 더불어민주당 정청래 전 대표의 13일 출마 선언으로 차기 당권 대진표가 완성됐다.",정치
"중앙선관위, 이달 중 송파 투표지 재검표 추진. 전 과정 영상 기록·공개",정당 추천 참관인 참여한 가운데 육안으로 투표용지 확인 검증 총 15시간 소요 예상. 서울시장·송파구청장 선거 순 중앙선거관리위원회가 서울 올림픽공원 핸드볼경기장에 보관 중인 송파구 투표용지 247만 장에 대한 재검표 방안을 '국회 6·3 지방선거 투표용지 부족 사태 국정조사특별위원회'에 보고했다.,정치
김현지 ‘불륜·혼외자’ 음모론 유포. 언론사 대표 검찰 송치,김현지 제1부속실장 겨냥 허위 기사 작성 혐의 민주당 고발 후 수사. 정보통신망법상 명예훼손 적용 과거 ‘중국 간첩 99명 체포’ 보도했던 인물 김현지 대통령실 제1부속실장을 둘러싼 허위 의혹을 인터넷에 게시한 언론사 대표가 명예훼손 혐의로 검찰에 넘겨졌다.,사회/세계
"고등학생이 본 사회문제, AI·SW로 푼다. 경진대회 참가자 모집","경과원 SW미래채움×AI·SW중심대학 연합 경진대회 개최 도내 7개 대학 참여, 13일부터 3명 내외 1팀으로 100팀 모집 경기도와 경기도경제과학진흥원이 도내 고등학생을 대상으로 ‘2026 SW미래채움×AI·SW중심대학 연합 경진대회’ 참가자를 모집한다. 고등학생의 AI·SW 역량을 높여 미래 인재를 양성하기 위한 이번 대회는 가천대학교, 경기대학교, 경희대학교, 성균관대학교, 신한대학교, 아주대학교, 한양대학교 등 7개 대학이 참여한다.",IT/과학
"메디필드 한강병원·용인 자동차정비조합, 나눔문화 확산 앞장","용인시자원봉사센터와 협약, 우수 자원봉사자에 혜택 비급여 진료 항목 본인부담금 감면 공임비10%할인, 무상점검 제공 용인시자원봉사센터가 메디필드 한강병원, 경기도자동차전문정비사업조합 용인시지회(용인시지회)와 함께 나눔문화 확산에 나선다. 13일 이상일 용인특례시장과 강남규 메디필드 한강병원장(오른쪽)이 자원봉사자 지원을 위한 업무협약서에 서명한 뒤 기념사진을 찍고 있다.",라이프
"李대통령, '李 명사수 만든 총, 병사들은 본 적 없다' 보도에 ""정치 공격""","""조작 기초한 정치 공격, 온당한 태도 아냐"" 이재명 대통령은 지난달 연평부대 방문 당시 자신이 사용한 총기 소총 K2C1을 현역 군인 대다수는 ""본적이 없다""고 지적한 언론 보도를 반박한 기사를 인용하며 공감을 표했다. 이 대통령은 13일 엑스(X·옛 트위터)에 올린 글에서 오마이뉴스의 기사를 인용하며 ""사실에 기초한 보도가 아니라 조작에 기초한 정치적 공격은 언론으로서 온당한 태도가 아니다""라고 비판했다.",정치
"명태균 여론조사' 尹 1심 징역 2년에 범여권 ""너무나 당연한 결과""","서영교 ""오세훈 시장에도 준엄한 심판 내려야"" 박선원 ""대통령 선거 정당성에도 문제 있어"" (서울=뉴스1) 더불어민주당과 조국혁신당 등 범여권은 13일 윤석열 전 대통령이 명태균 씨로부터 여론조사를 무상으로 제공받은 혐의로 1심에서 징역 2년을 선고받자, 일제히 판결을 환영하며 오세훈 서울시장 사건에도 엄정한 판단을 촉구했다. 민주당 소속 서영교 국회 법제사법위원장은 이날 사회관계망서비스(SNS)에 '서울의 윤석열, 오세훈에게도 법의 철퇴가 내려져야 합니다'라는 제목의 글을 올리고 ""윤석열의 명태균 게이트 유죄, 징역 2년 판결은 너무나도 당연한 결과""라고 밝혔다.",정치
"홍준표 ""보복과 실험으로 나라 운영하라고 선출한 것 아냐""","""강성 지지층만 보고 일해선 안 돼"" 홍준표 전 대구시장이 검찰 보완수사권 폐지와 육·해·공군 사관학교 통합 추진을 ""개혁이 아니라 개악""이라고 비판했다. 홍 전 시장은 13일 페이스북에 ""국민들은 보복과 실험으로 나라를 운영하라고 국회의원을 선출해주고 대통령을 선출해준 건 아니다""며 ""최근 검찰의 보완수사권 문제와 삼사관학교 통합을 하겠다는 걸 보고 이건 아니라고 단연코 말한다""고 적었다.",정치
李 지지 48.9%. PK·20대서 상승-리얼미터,몽골 국빈 방문 일정을 마치고 귀국하는 이재명 대통령과 김혜경 여사가 11일(현지시간) 울란바타르 칭기즈칸 국제공항 공군 1호기에서 환송객들을 향해 인사하고 있다. 연합뉴스 이재명 대통령의 국정 수행 지지율이 2주 연속 상승하며 4주째 40%대를 기록했다는 여론조사 결과가 제시됐다.,정치
"정청래 '연임 도전', 與 전대 대진표 완성. 김민석·송영길은 鄭 협공(종합)","정청래 ""대표직 이용해 대선 출마 안 해"". 당권 도전 공식화 당대표 경선 선호투표제, 친명계 후보에 유리 관측.",정치
"이 대통령, '병사들 못본 총' 보도 관련 ""조작에 기초한 정치 공격""","李 ""언론으로서 온당한 태도 아냐"" 이재명 대통령이 지난달 연평부대 방문 당시 사용한 총기가 정작 일선에는 지급되지 않았다는 보도를 반박한 기사를 인용하며 공감을 나타냈다. 이재명 대통령이 13일 청와대에서 열린 국가재정전략회의에서 발언하고 있다.",정치
"장동혁 ""국힘 혁신 방향 고민 중, 곧 발표. 결국 당을 바꾸는 건 사람""","장동혁 국민의힘 대표는 13일 ""우리 당을 어떻게 혁신하고 바꿔나갈 것인지, 무엇을 놓고 싸워야 할지에 대해 고민하고 있다""며 ""머지않은 시간에 제가 고민한 내용을 국민께 발표하는 시간이 있을 것""이라고 밝혔다. 장 대표는 이날 서울 여의도 중앙당사에서 열린 '여의도연구원 청년 정책리더 6기 수료식 및 정책제안서 전달식'에 참석해 청년들과 질의응답을 하는 자리에서 ""결국 국민의힘이 무엇을 위해 싸워야 하고 어떤 혁신 방향을 가져야 하는지가 최근 지도부와 함께 고민하는 핵심 주제""라며 이같이 말했다.",정치
PPP alleges President Lee played golf after Navy sailor went missing,"The opposition party also accused Defense Minister Ahn Gyu-back of joining Lee for a round of golf on Sunday, the day of the disappearance. The opposition party blasted President Lee Jae Myung for allegedly playing golf while a Navy sailor went missing in the waters near the maritime border with North Korea.",정치
"한 총리, 폭염 속 건설현장 방문 “공사 늦어도 안전하게”",한성숙 국무총리는 13일 건설 노동자들의 폭염 대응 상황을 점검하기 위해 서울 중구의 한 건설 현장을 찾았다. 한 총리는 이 자리에서 관계자 보고를 받고 “현장 노동자들은 더운 날씨에 제때 휴식을 취해달라”며 “공기가 늦어지더라도 안전하게 공사를 진행해 주시길 바란다”고 했다.,정치|경제|라이프
"APEC의 성공, 이제는 아태 AI센터로 이어져야 한다",주낙영 경주시장 2025 APEC 정상회의는 성공적으로 막을 내렸다. 그러나 진정한 평가는 지금부터다.,IT/과학
내년 ‘800조+ α’ 슈퍼 예산 띄운다,이 대통령 주재 재정전략회의 올 본예산보다 10% 이상 증액 국세수입도 500조 넘어설 듯 신규 원전·SMR 건설 공식화 정부가 내년 예산안을 800조원 플러스알파(α) 규모로 편성한다. 올해 본예산보다 10% 이상 늘려 증가율은 17년 만에 최고 수준을 기록할 것으로 전망된다.,경제|정치
전대 후보 마감 3일 남았는데. 민주당 ‘경선 룰’도 못 정했다,선호투표제 놓고 당내 갈등 격화 친청계 반발 뒤 최고위 논의 스톱 전준위 “시간 얼마 없는데 답답” 더불어민주당 전당대회 후보 등록일이 3일 앞으로 다가온 13일에도 최고위원회가 당대표 선출 방식을 결정하지 못하며 당내 갈등이 연일 고조되고 있다. 당대표 출마자들이 유불리만 따지느라 경선 규칙조차 확정 짓지 못하고 있다는 비판이 나온다.,정치
"“이 대통령” 30차례 언급한 정청래, 당대표 연임 도전 공식선언",지난 전대 슬로건 ‘강력한 개혁’ 내걸며 “이 대통령 끝까지 지킨다” ‘자기 정치’ 비판 여론 의식한 듯 “대표직 이용해 대선 출마 안 해” 메가프로젝트 특위·대선 범진보 단일화·호남 공천 개혁 등 공약 정청래 더불어민주당 의원이 13일 “다시 한번 더 강력한 개혁 당대표가 되겠다”며 8·17 전당대회 당대표 선거 출마를 공식 선언했다. 정 의원은 이재명 대통령에 맞서 ‘자기 정치’를 했다는 경쟁 주자들의 비판을 의식한 듯 “대표직을 이용해 대선에 출마할 생각이 없다”고 했다.,정치
"안규백 탈영 논란 재소환에 국방부 ""허위 주장. 재소집, 해제일자 기재""","김영수 “8개월 탈영, 허위증언 고발” 정빛나 대변인 “장관 복무 정상 마쳐” 인사청문회 22개월 복무 경위 발언 재소환 안규백 국방부 장관이 자신의 방위병 복무시절 본래 복무기간 보다 8개월을 더 복무해 제기됐던 '탈영'(군무지 이탈) 의혹이 다시 제기돼 논란이다. 군관련 시민단체가 안 장관의 인사청문회 발언이 허위라며 위증혐의로 고발한 뒤 병적기록부를 공개하라는 목소리가 다시 나온다.",정치
李 정부 첫 범정부 재정운영방안 논의. 사상 최대 세수 전망에 ‘전략적 투자’ 강조,2027년도 예산안 편성과 중기재정운용 방향을 논의하는 국가재정전략회의가 청와대에서 개최됐습니다. 정부의 재정전략에 대한 광범위한 논의를 위해 내년도 예산안 편성뿐 아니라 3대 메가프로젝트 지원 대책과 청년·노동자를 비롯한 '모두의 성장'을 주제로 한 토론까지 이뤄지며 회의는 2시간 반 가까이 릴레이로 생중계됐습니다.,정치
"투표용지 사태 반사이익 끝·징계 내분 반감. 국힘, 보수층 지지율 급락","전주 대비 부·울·경서 20%P 빠져 대구·경북, 70대 이상서도 ‘하락’ 장동혁 장외 투쟁에 중도 이탈도 국민의힘 지지율이 6·3 지방선거가 끝나고 반짝 상승한 후 하락세로 돌아섰다. 특히 전통 지지층인 대구·경북(TK), 부산·울산·경남(PK), 고령층에서 지지율 하락이 두드러진다.",정치
"여당 일부, 여성단체들과 “검 보완수사권 폐지 우려”",“정치 논리만 앞세워. 중단을” 장윤기 사건에 여론 악화 뚜렷 여당 내 전면 폐지 신중론 확산 14일 의총 논의.,정치
‘중·러 원자력 견제’ 손잡은 한·미·일,"미 제안. SMR ‘협력각서’ 체결 한국 우라늄 농축 논의 영향 주목 한국과 미국, 일본 정부의 소형모듈원자로(SMR) 사업 협력각서(MOC) 체결이 중국·러시아의 전 세계 원자력 시장 장악에 대응하는 차원이었다는 분석이 나온다.",정치
이 대통령 “반도체 추가세수로 ‘청년·지방·교육’ 집중 투자”,"첫 재정전략회의. 미래대응기금 신설, 4대 분야 집중 투자 강조 “AI 패권 골든타임에 소중한 재원 성장 잠재력 높여 국민에게 과실” 메가프로젝트도 전폭 지원 약속 “국가 흥망 달려” 야당에 협조 당부 가정용 전기요금 조정 등 토론도 이재명 대통령은 13일 “미래대응기금을 신설해 미래, 청년, 지방, 교육 등 국가의 미래를 좌우할 4대 분야에 집중 투자하겠다”고 밝혔다.",정치|IT/과학|경제
"與 내부서도 보완수사권 폐지 ""부작용 우려"". 안팎서 신중론 확산","이소영 ""서류중심주의 형사시스템""·고민정 ""집권여당 자세 아냐"" 대법원 ""보완방안 필요"". 이석연 ""완전 폐지는 위헌 소지"" 더불어민주당이 검찰의 보완수사권 폐지를 골자로 한 형사소송법 개정을 추진하는 가운데 당 안팎에서 부작용을 우려하는 목소리가 잇따르고 있다.",정치
"""보완수사권 폐지 위험"" 檢개혁에 여권 내부서도 '브레이크'","이소영 ""서류만 보고 졸속 기소 우려. 전대 이후 논의해야"" 곽상언 ""경찰에 수사권 독점"".",정치
"""면피용 말잔치"" 국민의힘, 李 부동산 대토론회 맹폭","국민의힘이 이재명 대통령이 주재하는 부동산 정책 국민 대토론회를 이른바 답정너식 무대라고 비판하며 정책 기조의 전면적인 전환을 촉구했습니다. 최보윤 국민의힘 수석대변인은 12일 논평을 통해 ""이재명 대통령은 이 위급한 상황에서조차 은근슬쩍 보유세, 다주택자, 초고가 주택 기준 등의 쟁점을 직접 제시하며 증세 군불을 때고 있다""고 주장했습니다.",정치|경제
"“검열 부활 안돼”. 이센스, 민주당 ‘혐오 음원 방지법’ 비판","래퍼 이센스(39, 본명 강민호)가 더불어민주당 측에서 추진한 ‘혐오·범죄 조장 음원 방지법’에 대해 표현의 자유를 침해할 수 있다고 우려했다. 이센스는 지난 11일 자신의 SNS에 관련 기사를 공유한 뒤 “검열을 부활시키면 안 된다.",정치|문화/트렌드
"대법원, 검찰 보완수사권 폐지 첫 공식 의견. ""부작용 보완책 필요""","보완수사권 폐지엔 안전장치 주문. 영장 사전심문 도입은 긍정 평가 대법원이 검찰의 보완수사권 폐지를 골자로 한 형사소송법 개정안에 대해 처음으로 공식 의견을 내고, 제도 개편에 따른 부작용을 막기 위한 충분한 보완책이 필요하다는 입장을 밝혔다.",정치
"정이한 자작극' 공방. 이준석 ""국힘 공작 의심"" vs 주진우 ""적반하장""","이준석 ""국민의힘 인사와 활발히 연락"" 주장 주진우 ""알고 있다면 즉시 공개하라"" '피습 자작극' 혐의로 구속된 정이한 전 개혁신당 부산시장 후보를 둘러싸고 이준석 개혁신당 대표와 주진우 국민의힘 의원이 정면충돌했다. 이 대표는 국민의힘의 개입 가능성을 제기했고, 주 의원은 ""적반하장""이라며 강하게 반박했다.",정치
이 대통령 나토·몽골 순방 마치고 귀국,"이재명 대통령과 김혜경 여사가 지난 11일 북대서양조약기구(NATO·나토) 정상회의와 몽골 국빈방문을 마치고 경기도 성남 서울공항에 도착해 이동하고 있다. 이 대통령은 이번 출장에서 방산 분야의 나토 시장 진출 발판을 마련하고, 몽골과 핵심광물 분야 협력 방안을 논의했다.",정치
민주당 '선호투표제' 또 결론 못 내려. 룰 갈등 격화,"더불어민주당 8·17 전당대회가 한 달여 앞으로 다가온 가운데, 당 대표 선거에 선호투표제를 도입하는 문제를 둘러싼 최고위원회의 교착 상태가 계속되고 있습니다. 민주당은 12일 저녁 최고위원회의를 열고 선호투표제 도입 방안을 다시 논의했지만 결론을 내리지 못했습니다.",정치
‘참정권 수호’ 부산행 장동혁. “결집용 아닌 원칙 문제”,장동혁 국민의힘 대표. 뉴시스 장동혁 국민의힘 대표가 인천에 이어 부산을 찾아 6·3 지방선거 투표용지 부족 사태와 관련 참정권 수호 집회에 참석한다.,정치
"""NLL 북쪽으로 떠내려갔을 수도"". 통일부, 실종 해군 일병에 대북 협조 긴급 요청","안규백 국방부 장관 ""신속·안전 구조에 총력"" 지시. 국제상선공통망으로도 북측 통보 동해 북방한계선(NLL) 인근에서 경비 임무 중이던 해군 호위함 승조원 1명이 12일 오전 실종된 가운데, 통일부가 이날 오후 북한에 인도주의적 수색·송환 협조를 공개 요청했다.",정치
"민주당 '선호투표제' 도입 또다시 불발··· 친청계 ""당규 개정 왜 밀어붙이나""","2시간 반 만에 끝난 '빈손' 최고위 선호투표제 당규 개정안 상정에 친청계 ""명백한 당헌 위반"" 반발 15일 최고위가 사실상 마지노선 더불어민주당 지도부가 8·17 전당대회 당대표 선거에 선호투표제를 도입하는 방안을 논의했으나 또다시 결론을 내지 못했다. 선호투표를 도입하려는 친명(이재명)계와 '당헌·당규 위반'이라며 반대하는 친청(정청래)계의 입장차가 좁혀지지 않으면서다.",정치
"與, '선호투표제' 도입 결론 또 못 내려. 친청계 ""당규 개정 왜 밀어붙이나""","12일 저녁 최고위서 비공개 논의. ""전당대회 일정 지장 없도록 할 것"" 이창환 더불어민주당은 12일 당대표 선출 방식으로 선호투표제를 도입할지 여부를 논의했으나 또다시 결론을 내리지 못 했다.",정치
與 '선호투표제 도입' 또 불발. 13일 최고위 취소(종합),"2시간 30분만 파행. 친청 ""선호투표 정해놓고 당규개정"" 강준현 ""약간의 이견"".",정치
부산시장 후보 '피습 자작극'이 국힘 공작? 이준석 주진우 격돌,부산시장 후보 ‘피습 자작극’에 정치권 공방 이어져 부산시장 후보 '피습 자작극'을 두고 정치권 공방이 이어지고 있다. 국민의힘이 정이한 전 부산시장 후보의 '피습 자작극' 사건과 관련해 공세를 이어간 가운데 이준석 개혁신당 대표가 '국민의힘 공작설'로 볼 수 있는 취지의 주장을 했다.,정치
"與 '선호투표제 도입 결정' 또 불발. 친청계 ""밀어붙이기 안돼""","계파간 유불리 엇갈리며 대립 격화. 민주 ""최소 15일까지 논의 끝낼 것"" 7명 최고위원 중 친청계 4명 반대.",정치
"페이커에 감탄했던 강훈식, 대전 MSI 결승전 찾아 “게임 현장 목소리 듣겠다”",강훈식 대통령 비서실장이 12일 대전에서 열린 2026 미드 시즌 인비테이셔널(MSI) 결승전 현장을 찾았다. 강 실장은 이날 MSI 결승전이 열린 대전컨벤션센터에서 한국의 리그오브레전드(LoL) 팀 ‘한화생명e스포츠’와 중국의 LoL 팀인 ‘빌리빌리 게이밍(BLG)’의 결승전을 관람했다.,문화/트렌드|사회/세계
"후보 등록 나흘앞. 민주당, 선호투표·청년최고위원 또 결론 못 내",비공개 최고위 열었지만 결국 합의 불발 반대파 “당원 의견 수렴없이 진행 납득안돼” 더불어민주당이 당대표 선거의 선호투표제 도입과 청년최고위원 선출 방식을 놓고 12일 최고위원회의를 열었지만 또다시 결론을 내리지 못했다. 전당대회 후보 등록이 나흘 앞으로 다가온 가운데 핵심 경선 규칙을 둘러싼 지도부 내홍이 이어지는 모습이다.,정치
"與, 전대 룰 담판 '실패' 月 공개 회의도 '패싱'. 계파 갈등 최고조",(종합) 더불어민주당 지도부가 차기 당 대표 선출 방식을 결정하는 데 실패했다. 선호투표제를 지지하는 친명(친이재명)계와 결선투표제를 주장하는 친청(친정청래)계가 한 치의 물러섬을 보이지 않으면서 담판이 결렬됐다.,정치
"금천구, G밸리 인공지능(AI) 스마트워크톤 경진대회","금천구(구청장 최기찬)는 지난 10일 금천구 기업시민청에서 ‘2026년 G밸리 인공지능(AI) 스마트워크톤 경진대회’를 개최했다. 이번 대회는 AI를 활용해 실제 업무 과제를 4시간 만에 해결하는 실전 경진대회로, 지역 기업의 AI 전환을 촉진하기 위해 마련됐다.",IT/과학
"성동구, 희망여름 착!착!착! 나눔 캠페인","성동구(구청장 유보화)는 지난 8일 구청 대강당에서 ‘2026 희망여름 착!착!착! 나눔 캠페인’을 개최하고, 폭염 취약계층의 건강한 여름나기를 위한 나눔 활동을 펼쳤다.",라이프|사회/세계
"양천구, 중장년 '공항 화물보안 전문요원' 참여자 모집","양천구(구청장 이기재)는 중장년층 재취업을 위한 ‘공항 화물보안 전문요원 취업연계과정’ 참여자를 오는 13일부터 모집한다. 이번 과정은 최근 항공 물류산업 성장으로 항공화물 물동량이 증가하고 항공화물보안 분야 전문인력의 필요성이 커짐에 따라, 현장에 즉시 투입 가능한 실무형 화물보안 전문요원을 양성하기 위해 마련됐다.",라이프
"민주당, 당대표 선거 선호투표제 도입 여부 또 결론 못내","더불어민주당이 오늘 최고위원회의를 열어 오는 8월 17일 전당대회에서의 선호투표제 도입 여부를 두고 논의를 벌였으나 또다시 결론을 내지 못했습니다. 앞서, 민주당 전당대회준비위원회는 1순위 후보부터 3순위까지를 동시에 써넣는 선호투표제를 당 대표 선출 방식으로 결정했지만, '친청계' 최고위원들이 당헌·당규 위반을 주장하며 이를 반대해 최고위에서 의결되지 못하고 있습니다.",정치
원내 장악력 상실한 장동혁. 장외로 나가 스킨십,"비당권파 징계로 연일 내분 최고조 계속된 거취 압박에도 ""당원의 뜻"" '징계 정치'로 당내 반발을 마주한 장동혁 국민의힘 대표가 '참정권 수호'와 '재선거'를 외치며 장외로 나갔다. 비당권파 징계와 자신에 대한 거취 압박에 '당원의 뜻'을 거론하며 기존의 뜻을 굽히지 않았다.",정치
호르무즈는 누가 통제하는가? ‘봉쇄선언과 전략적 질서관리’. 김태준의 美·이란戰 중계<62>,"호르무즈는 누가 통제하는가에 대한 설명도. 김태준 한반도안보문제연구소장 AI 그림 프롤로그: 봉쇄를 선언했다고 통제권을 갖는 것은 아니다 2026년 7월 12일, 이란 이슬람혁명수비대(IRGC)는 호르무즈 해협을 추후 공지가 있을 때까지 전면 봉쇄한다고 선언했다.",사회/세계
"“면피용” “답정너” 국힘, 李 부동산 국민 토론회 비판","李 대통령, 부동산 정책 국민 대토론회 개최 이재명 대통령이 지난달 30일 광주 김대중컨벤션센터에서 열린 서남권 첨단산업 발전비전 국민보고회에서 축사하고 있다. 연합뉴스 국민의힘은 12일 이재명 대통령이 참석하는 부동산 정책 국민 대토론회를 두고 정부의 부동산 정책 실패를 인정하고 방향 전환에 나서야 한다고 비판했다.",정치|경제
‘전대 룰’ 놓고 공회전하는 민주 최고위. 친청 “납득 못해”,8·17 전당대회 당대표 선거에 ‘선호투표제’와 ‘청년 최고위원제’를 도입할지를 두고 더불어민주당 내 대립이 장기화하고 있다. 더불어민주당은 전당대회 후보 등록일 나흘 전인 12일 저녁에도 최고위원회의를 열었지만 팽팽한 찬반 대립 속에 결론을 내지 못했다.,정치
야당서도 “논의 장 반갑다”. 부동산 대토론회 두고 열띤 반응,"청와대, 토론회 3대 주제 제시. 이 대통령 “쟁점 의견 내보시라” 여 당권 주자들 “용산 부지 통개발” “종부세 폐지” 등 적극 개진 오세훈 “이제라도 토론회 다행”.",정치|경제
"여 일부 의원들, 14일 ‘검 제한적 보완수사권’ 개정안",홍기원 “성폭력·장애인 등 약자 대상 범죄 사건에 부여” 대표발의 이소영 “실체적 진실 멀어져” 고민정 “억울함 없어야” 폐지 신중 국회 법제사법위원회의 검찰 보완수사권 폐지 골자 형사소송법 개정안 논의를 앞두고 여당 내에서 폐지 신중 목소리가 나왔다. 일부 여당 의원들은 조만간 아동·장애인 등 사회적 약자 대상 범죄 사건 등에 한해 제한적 보완수사권을 부여하는 개정안을 발의할 예정이다.,정치
"“부작용 방지책 필요”. 대법원, 국회에 형소법 개정안 첫 의견서",공심회 설치엔 “추가 검토를” 대법원이 검찰의 보완수사권을 폐지하는 내용의 형사소송법 개정안에 대해 “부작용을 막기 위한 보완 방안이 마련돼야 한다”는 의견을 국회에 제출했다. 보완수사권 폐지 법안에 관해 사법부가 의견을 낸 것은 이번이 처음이다.,정치
"與, 선호투표제 당규 개정 불발. 친청 4인 “납득 못해”","더불어민주당 지도부가 오늘 긴급 최고위원회의를 열고 8·17 전당대회에 선호투표제 도입을 위해 당규 개정을 시도했으나 친청계 최고위원 4명의 반대로 불발됐습니다. 강준현 민주당 수석대변인은 오늘(12일) 저녁 국회에서 ""오늘 비공개 최고위는 속개하지 않는다""면서 ""전당대회를 앞두고 논란을 해소하기 위해 당규를 개정하고자 했었지만, 이견이 있었고 숙의가 필요하다""고 말했습니다.",정치
차주철 도의원 “쌀 소비량 급감. 농가 생존 대책 마련해야”,쌀 재배 농가 고령화. 타작물 전환 어려워 현실 여건 고려해 근본적인 대책 마련 필요 강원지역 쌀 재배농가를 살리기 위한 대책 마련이 시급하다는 지적이 나왔다.,정치
여당 전대 ‘선호투표제’ 또 결론 못 내. 친명·친청 ‘갈등’ 격화,최고위서 ‘당규 개정’ 찬반 갈려 16일 후보 등록. ‘룰’ 확정 못해 김민석·송영길 ‘전준위’에 동의 정청래는 기존 결선투표제 주장 더불어민주당이 12일 8·17 전당대회 당대표 선출 방식에 선호투표제를 도입할지를 두고 최고위원회의를 열어 논의했지만 결론을 내지 못했다.,정치
김민석 “반드시 당대표 바꿔야”. 정청래 “때리면 맞겠다”,"김, 혁신당 합당 무산·신천지 선거 개입설 등 언급하며 공격 수위 높여 정, 김 ‘탈당 전력’ 겨냥 반격. “민주당 정체성은 개혁” 선명성 강조도 더불어민주당 전당대회 후보 등록을 앞두고 당권 주자들의 기싸움 수위가 높아졌다.",정치
"안철수 “한동훈, 당에 얼씬도 하지 말라. 복당 단호히 반대”","재판서 “한, 계엄 때 당사 소집 첫 공지” 증언 놓고 한동훈과 공방 계속 국힘 당권 ‘전초전’. 다른 주자들도 ‘한 출마하면 불리’ 복당 반대 관측 안철수 국민의힘 의원이 한동훈 무소속 의원의 복당을 “단호히 반대한다”고 말했다.",정치
동해 실종 해군兵 수색 12시간째. 야간수색 전환·北 회신 없어(종합2보),"1함대 호위함 승조 일병 1명 실종. 해군, 해경·민간 합동 수색중 정부·해군, 北에 실종자 수색작전 통보.",사회/세계
"與 '선호투표제 도입' 또 불발. 친청계 ""당규 개정 안건 올라와""",(서울=뉴스1) 이기림 더불어민주당이 12일 8·17 전당대회 당 대표 선출에 선호투표제를 도입할지를 두고 최고위원회를 통해 논의했으나 또다시 결론을 내지 못했다. 민주당은 이날 오후 국회에서 최고위원회의를 열고 선호투표제 도입 여부를 결정지으려 했으나 파행했다.,정치
동해 NLL 인근 함정서 일병 1명 실종. 북에 수색·송환 협조 요청,심야 실내서 목격. 북 표류 가능성 동해 북방한계선(NLL) 인근 해상에서 경비 임무 중이던 해군 함정 승조원 1명이 12일 실종돼 군 당국이 수색에 나섰다.,사회/세계
"경찰, ‘한동훈 당원게시판 사건’ 수사 재개","당시 게시판 관리자 소환 조사 경찰이 국민의힘 홈페이지 당원게시판에 한동훈 의원(전 당대표)과 가족 명의로 윤석열 전 대통령 부부 비방 글이 올라온 사건 수사에 재시동을 걸었다. 12일 취재 결과, 서울경찰청 사이버수사대는 국민의힘 당원게시판 논란 당시 게시판을 관리한 당 홍보국 관계자 A씨를 최근 불러 조사했다.",정치
"민주, '선호투표제' 결론 못 내. ""최소한 수요일까지 결론""","더불어민주당이 오늘(12일) 오후 최고위원회의를 열어 8·17 전당대회에서 '선호투표제'를 도입할지 논의했지만, 결론을 내지 못했습니다. 민주당 강준현 수석 들을 만나, 오늘 회의에선 별다른 결론이 없었다면서, 최소한 수요일까지 끝내면 되겠다는 로드맵을 가지고 있다고 밝혔습니다.",정치
"부산서 '부정선거' 외친 장동혁 ""선관위 특검 野 추천해야""(종합)","투표용지 부족 사태 관련 청년 간담회·시민운동 참석 ""李·민주·선관위 한 몸. '제3자 추천' 특검 공정성 의문"" (서울·부산=뉴스1) 손승환 장동혁 국민의힘 대표는 12일 6·3 지방선거 투표용지 부족 사태와 관련해 ""이 거대한 선거 카르텔을 해체하지 못한다면 특검을 백날 해봐야 근본적인 문제를 해결할 수 없다""며 ""그렇기 때문에 국민의힘 추천 특검이 반드시 필요하다고 주장하는 것""이라고 말했다.",정치
친명경쟁 속 지선책임론·과거사 난타전. 비전 대신 기싸움만,"與 당권주자 KDLC 정견발표회 김민석 “총선 승리 없인 개혁 없어 유능한 민주당 다시 만들 것” 강조 정청래 “저에 대한 비판 많이 아파 때리면 맞겠지만 정당방위는 계속” 鄭, 김 과거 이력 소환 공세 나서자 金, ‘가짜 당원’ 표현 동원 거센 반격 송영길 “집권당 모든 결과 책임져야 동네 정당 아닌 글로벌 정당 꿈꿔” 고민정 “이념적 당위 머물지 말고 책임정치 해야한다” 모두 비판도 더불어민주당 당권 주자들의 경쟁이 ‘적통 다툼’을 넘어 지방선거 책임론과 과거 정치 이력, 검찰 보완수사권 폐지 문제 등을 둘러싼 정면충돌로 번지고 있다. 8·17 전당대회 후보 등록(16∼17일)을 앞두고 서로를 향한 ‘자기 정치’ 공세와 이른바 ‘파묘 전쟁’이 거세지는 가운데, 비전 경쟁의 장이 돼야 할 정견발표회마저 책임 공방과 노선 충돌로 뒤덮였다.",정치
사상 첫 '폭염 중대경보' 발효. 포항·경산 비상대응 강화,"경북도, 위기경보 '심각' 격상. 재난안전대책본부 확대 운영 경북 포항시와 경산시에 사상 처음으로 최상위 단계인 ‘폭염 중대경보’가 발효되면서 경북도가 폭염 대응체계를 최고 수준으로 격상했다.",사회/세계|라이프
"포항, 세계녹색성장포럼 성료. '녹색산업 글로벌 허브' 도약 시동","국내외 1500여 명 참여. 기후 대응·산업 전환 국제협력 플랫폼 가능성 확인 포항시가 세계 녹색성장 분야 전문가와 국제기구, 기업 등이 참여한 ‘2026 세계녹색성장포럼(WGGF 2026)’을 성공적으로 마무리하며 글로벌 녹색산업 도시로의 도약 기반을 다졌다.",사회/세계
"수성구 캐릭터 '뚜비', 동대구역서 복화술 인형극으로 시민 만난다",11일부터 4주간 공연. 다중이용시설 활용한 캐릭터 콘텐츠 확대 대구 수성구가 대표 캐릭터 ‘뚜비’를 활용한 복화술 인형극을 동대구역에서 선보이며 캐릭터 콘텐츠를 활용한 도시 홍보에 나선다.,라이프
"대구시장 시축 응원한 대구FC, 성남FC에 3대2 승리","추경호 대구시장, 구단주 자격으로 시축 3대2 역전승에 선수단 격려·K리그1 승격 응원 추경호 대구시장이 취임 후 처음으로 시민구단 대구FC 홈경기장을 찾아 선수단을 격려하고 시민·팬들과 함께 승리의 기쁨을 나눴다. 추 시장은 지난 11일 오후 대구iM뱅크파크에서 열린 ‘하나은행 K리그2 2026’ 대구FC와 성남FC의 경기에 앞서 구단주 자격으로 시축에 나서며 대구FC의 선전을 응원했다.",사회/세계
"경북 농특산물 쇼핑몰 '사이소', 회원 32만명 돌파와 매출 급증 비결은?",문경 오미자 닭갈비 최다 판매 명성 20년 만에 연매출 500억 돌파 전망 경북도 농특산물 온라인 쇼핑몰 ‘사이소’가 올해 상반기 매출 249억원을 기록하며 또 한 번 역대 최고 실적을 갈아치웠다. 경북도는 사이소의 올해 상반기 매출이 지난해 같은 기간(230억원)보다 8.3% 증가한 249억원을 기록했다고 12일 밝혔다.,경제
"구미·포항 국가산단, AI 제조혁신 거점으로. 경북, AX 실증산단 2곳 선정",경북 구미국가산업단지와 포항국가산업단지가 산업통상자원부의 ‘2026년 인공지능 전환(AX) 실증산단 구축사업’에 나란히 선정됐다. 전국 3개 선정지 가운데 2곳을 경북이 차지하면서 AI 기반 제조혁신을 선도할 핵심 거점으로 도약하게 됐다.,IT/과학
"與 일각 '檢보완수사권 폐지' 신중론 대두. ""졸속 기소·공소기각"" 부작용 우려","이소영, '보완수사법 폐지 법안에 우려를 표합니다' SNS글 올려 고민정, 정견발표서 ""'폐지하고 문제 생기면 보완', 與자세 아냐"" 이창환 더불어민주당이 검찰의 보완수사권 폐지를 골자로 한 형사소송법 개정에 착수한 가운데, 당 내에서도 부작용을 우려하는 목소리가 나오고 있다. 이소영 민주당 의원은 12일 페이스북에 '보완수사권 폐지 법안에 우려를 표합니다'라는 제목의 글을 올려 ""이번에 발의된 '보완수사권 완전 폐지' 법안들은 증거법 규정에서 '검사'를 모두 삭제함으로써, 검사가 오직 '경찰이 작성해서 넘긴 서류'만을 보고 기소 여부를 판단하게 하고 있다""고 말했다.",정치
호르무즈 봉쇄 후 13번째 韓선박 ‘홍해 우회’ 원유 운송,원유 200만 배럴을 싣고 홍해를 빠져나온 SK해운 30만t급 초대형 유조선이 지난 5월 8일 전남 여수시 GS칼텍스 원유부두에서 하역 작업하고 있다. 뉴시스 중동 전쟁으로 호르무즈 해협이 봉쇄된 이후 13번째 한국 선박이 우회로인 홍해를 통해 국내로 원유를 운송하고 있다.,경제|사회/세계
"AI 시대 독서법 제시. 달서구, 14일 '달서가족 북 콘서트' 개최",대구 달서구가 인공지능(AI) 시대 자녀의 문해력과 사고력을 키우는 독서교육 방안을 제시하는 부모 교육 프로그램을 마련한다. 달서구는 달서문화재단 달서가족문화센터가 오는 14일 오전 10시 30분 달서가족문화센터 소공연장에서 서울대 교육학과 신종호 교수를 초청해 ‘달서가족 북 콘서트’를 개최한다고 밝혔다.,IT/과학|라이프
폭염 속 대구시장 민생 현장 행보. 취약계층 보호와 민원 서비스 점검,쪽방촌 찾아 폭염 대응 살피고 120달구벌콜센터 방문. 현장 중심 민생행보 추경호 대구시장이 기록적인 폭염 속 취약계층 보호와 시민 민원서비스 점검에 나서는 등 현장 중심의 민생행보를 이어갔다.,사회/세계|라이프
박현영 국보협 신임 회장 “보좌진은 의원과 함께 방향 찾는 ‘정치적 동반자’”,"박현영 국보협 신임 회장 국힘 의원실 소속 보좌진 대표해 3급 직제·초과근무수당 현실화 등 숙원 과제 해결·처우 개선에 온힘 여야 보좌진 교류로 ‘협치’ 메시지 “보좌진은 단순히 국회의원의 지시를 수행하는 사람이 아닌, 의원이 고민해야 할 일을 먼저 고민하고, 함께 방향을 찾아가는 정치적 동반자입니다.” 제36대 국민의힘보좌진협의회(국보협) 신임 회장으로 당선된 박현영 보좌관(국민의힘 정동만 의원실)은 국회 보좌진의 역할을 이렇게 정의했다. 지난 7일 국회 의원회관에서 만난 박 보좌관은 “미디어 환경도, 정치 환경도 빠르게 변하고 있다”며 “보좌진은 수동적으로 움직이는 사람이 아니라 정책과 정무, 홍보와 지역 현안을 함께 고민하는 전략가가 돼야 한다”고 말했다.",정치
"통일부 ""북한에 실종 해군함정 병사 수색·송환 협조 요청""","동해 북방한계선, NLL 인근 해상에서 경비 임무 중이던 해군 함정 승조원 1명이 오늘 실종돼 군 당국이 수색 중인 가운데, 통일부가 북한에 실종자 수색과 송환에 협조를 요청한다고 밝혔습니다. 통일부는 오늘 오후 '동해상 해군장병 실종에 따른 수색과 송환 관련 대북 협조 요청' 제목의 언론 공지를 통해 ""동해 해상에서 경비임무 수행 중인 해군 함정 병사 1명이 실종, NLL 이북으로 표류 가능성이 있는 것으로 보인다""고 전했습니다.",정치
신임 국무조정실장 임기근. 국무총리 비서실장 채이배,장관급인 신임 국무조정실장에 임기근 기획예산처 차관이 임명됐다. 차관급인 한성숙 국무총리 비서실장에는 채이배 전 국회의원이 발탁됐다.,정치
한자리에 모인 민주당 당권 주자들,"김민석·정청래·송영길·고민정·김보미, KDLC 정견발표회 참석 보완수사권·자기 정치 등 논란 언급하며 상대 진영 비판 (서울=뉴스1) 더불어민주당 8·17 전당대회에 출마하는 당권 주자 5명이 12일 처음으로 모인 자리에서 상대 진영과 거센 신경전을 벌였다. 김민석 전 국무총리와 정청래 전 대표, 송영길 전 대표, 고민정 의원, 김보미 전 전남 강진군의회 의장은 이날 오후 국회에서 열린 전국자치분권민주지도자회의(KDLC) 정견발표회에 참석했다.",정치
"정이한 피습 자작극'에 이준석 ""국힘이 공작. 사실이면 끝장"" 경고","""국힘에서 이상한 제안 했으면 끝장"" 이준석 개혁신당 대표가 정이한 전 개혁신당 부산시장 후보의 '음료 테러 자작극' 사건을 둘러싸고 국민의힘 측 인사가 관여했을 가능성을 제기했다. 이 대표는 지난 11일 밤부터 12일까지 자신의 SNS에 잇따라 글을 올려 ""정이한은 국민의힘에서 보좌진으로 일했던 사람""이라며 ""이번 선거에서 국민의힘에서 누가 공작해서 이 일이 생겼는지 알고 불나방들이 설치는지 모르겠다""고 밝혔다.",정치
"해병대, 상륙기동헬기서 육·해군 특수전 부대와 고공강하 노하우 공유",MUH-1 마린온 상륙기동헬기 활용 합동훈련 실시 해병대 특수수색대대 장병이 지난 9일 실시된 합동 고공강하 집체훈련 중 MUH-1 마린온 상륙기동헬기에서 강하하고 있다. 해병대 제공/국방일보 해병대 특수수색대대가 육·해군 특수전 부대와 함께 고공강하 합동훈련을 하며 합동작전 수행 능력과 상호운용성 향상에 나섰다.,사회/세계
"선관위, 예·결산 없이 ‘위탁선거’ 대금 수백억 운용","선거관리위원회가 수억~수백억에 달하는 위탁선거 관련 대금을 예·결산에 포함시키지 않고 운용해오다 국회의 시정요구를 받았다. 국회예산정책처(예정처)가 지난 10일 발간한 2025년 결산분석 보고서를 보면, 선관위는 지난해 농협·수협·산림조합 등 각종 공공단체의 선거 1190건을 위탁받아 224억3900만원을 집행했지만 결산서에는 1억2800만원만 집행했다고 기록했다.",정치
"박승원 광명시장, 민주당 최고위원 출마. ""지방정부 경험 당에 접목""","박승원 경기 광명시장이 더불어민주당 8·17 전당대회 최고위원 선거 출마를 공식 선언했다. 박 시장은 12일 국회 의원회관에서 열린 전국자치분권민주지도자회의(KDLC) 총회에서 최고위원 후보로 추대된 뒤 “전국 지방정부와 지방의회, 풀뿌리 당원들의 뜻을 모아 더 단단한 민주당을 만들겠다”고 밝혔다.",정치
거리 행진하는 장동혁 대표,국민의힘 장동혁 대표가 12일 부산 서면 하트광장에서 열린 참정권 침해 규탄 집회에 참석해 거리 행진하며 구호를 외치고 있다.,정치
"“짐정리”라던 장윤기 경찰父, 연가·병가 돌려써가며 증거인멸","현직 경찰 간부 장윤기 父, 범행당일 6시간짜리 ‘긴급 연가’ 병가 내고 핵심 증거 리얼돌 폐기하기도 ‘전남광주 여고생 피살 사건’ 피의자 장윤기(23·구속)의 부친인 장모(55) 경감이 범행 이후 연가·병가·공가 등을 돌려쓰면서 핵심 증거 인멸에 나선 것으로 12일 확인됐다. 광주경찰청이 국민의힘 신동욱 의원실에 제출한 근무 내역에 따르면, 장 경감은 아들인 장윤기의 범행·체포 당일인 지난 5월 5일에 6시간짜리 ‘긴급 연가’를 냈다.",사회/세계
"해군 조고성 상사, 헌혈 100회 ‘명예장’. 고교 1 때 ‘작은 나눔이 누군가엔 큰 희망’ 문구 보고 시작","“작은 보탬, 기적의 연결고리 되길” 최근 헌혈 100회를 달성한 해군5기뢰/상륙전단 조고성 상사. 해군 제공/국방일보 해군5기뢰/상륙전단(5전단)에 근무하는 조고성 상사가 헌혈 100회를 달성해 대한적십자사 명예장을 받았다.",라이프
당원 게시판 의혹' 한동훈 수사 1년 8개월 만에 재개. 복당 분수령,경찰이 무소속 한동훈 의원의 이른바 '당원 게시판 사건' 수사를 1년 8개월 만에 재개한 것으로 확인됐습니다. 이번 수사 결과는 향후 한 의원의 국민의힘 복당 여부에도 결정적인 영향을 미칠 것으로 보입니다.,정치
인천 제물포·영종 시·구의원 공약 ‘개발·문화’ 초점. 459건 공약 분석,"영종은 생활·관광, 제물포는 원도심 개발. 지역 특성 따라 공약 차이 SOC 공약 최다.",정치
보조금 개편 웃은 BMW. iX3·MINI 가격 경쟁력 키웠다,MINI 400만원·BMW iX3 275만원. 상위권 보조금 확보 BMW그룹코리아 주요 전기차가 정부의 새 전기차 보조금 체계에서 상위권 보조금을 확보했다.,사회/세계|경제
장 초반 요동치는 코스피,"(서울=뉴스1) 14일 서울 중구 하나은행 본점 딜링룸 전광판에 코스피 시황이 표시되어 있다. 이날 코스피 지수는 전 거래일 대비 37.87포인트(0.56%) 하락한 6769.06, 코스닥 지수는 전 거래일 보다 2.20포인트(0.28%) 내린 797.16에 거래를 시작했다.",경제
코스피 6700선 후반 등락. 외인·기관 매수 속 개인 2조원 팔아,"코스피 2%대 하락했다가 상승하는 등 등락폭 확대. 개인 매도 집중, 환율 1497원 장 초반 코스피가 6700선 후반에서 요동치고 있다.",경제
"파라타항공, 인천-하노이 신규 취항",파라타항공 윤철민 대표이사를 비롯한 임직원들이 지난 13일 인천국제공항에서 열린 인천-하노이 노선 신규취항 기념행사에서 기념 촬영하고 있다.,사회/세계
비트코인 6만2천 달러선 붕괴. 지정학적 리스크에 ‘공포’,"미 증시 하락과 중동 지역의 지정학적 긴장 고조 등으로 자산 시장 전반이 얼어붙은 가운데, 가상자산 시장 역시 큰 폭의 약세를 보이며 방향성 탐색에 나섰습니다. 빗썸 AI 코인시세에 따르면 오늘(14일) 8시 기준 시장 내 가격 상승 자산은 35개, 보합은 153개, 하락은 279개로 집계되었습니다.",경제|사회/세계
트럼프 호르무즈 20% 통행료 선언. “운송 비용 2배”,"NYT “대형 유조선, 통행료로 450억원” 현실화 가능성 낮지만 해운업계 우려 커져 선주들, 차라리 이란과 협력 택할 가능성도 호르무즈 해협을 통과하는 선박에 20%의 통행료를 부과할 가능성이 제기되면서 해운업계의 우려가 커지고 있다고 13일(현지시간) 뉴욕타임스(NYT)가 보도했다. 도널드 트럼프 미국 대통령이 호르무즈 해협에 사실상 20% 통행료 부과를 일방적으로 선언하면서다.",사회/세계|경제
"삼성SDI, 데이터센터용 UPS 배터리 화재 안전 인증",삼성SDI의 무정전전원장치(UPS)용 배터리가 글로벌 인증기관의 고강도 화재 차단 테스트를 세계 최초로 충족하며 차별화된 안전성 기술력을 입증했다. 최근 AI(인공지능) 데이터센터 확대로 급증하는 고안전성 배터리 수요를 선점하기 위한 발판을 마련했다.,IT/과학|사회/세계
세계 코인 이용자 2명중 1명 쓴다. 바이낸스 회원 3억2250만명 돌파,창립 9년 만에 이용자 기반 확대 기관·개발자와 글로벌 커뮤니티 강화 AI 활용한 보안 지침도 공개 글로벌 가상자산 거래소 바이낸스의 전 세계 이용자 수가 창립 9년 만에 3억2250만명을 넘어섰다. 전 세계 디지털자산 이용자가 약 7억명으로 추산되는 점을 고려하면 디지털자산 이용자 2명 중 1명가량이 바이낸스를 사용하는 셈이다.,경제|IT/과학
"LH, 광명시흥 공공주택지구 보상 착수. 예정보다 4개월 앞당겨",한국토지주택공사(LH)는 광명시흥 공공주택지구의 보상 절차를 당초 계획보다 4개월 앞당겨 착수했다. 14일 LH에 따르면 공사는 지난 9일 광명시흥 공공주택지구 내 토지 및 지장물 소유자를 대상으로 협의보상 안내문을 발송했다.,경제
"10대 건설사, 7월 1만 가구 분양. 영등포 '써밋 클라비온' 출격",전국 9곳·1만679가구 공급. 일반분양 8359가구 (서울=뉴스1) 주요 10대 건설사가 이달 9개 단지에서 1만여 가구 분양에 나선다.,경제
서울 전세·매매 격차 9억 원 육박. 1년 만에 1억 5천 확대,"서울 아파트 평균 매매가와 전셋값의 차이가 지난달 9억 원에 육박한 것으로 파악됐습니다. KB 부동산 주택가격 통계를 보면, 지난달 서울 아파트 평균 매매가격은 15억8천만 원, 전세는 6억9천만 원으로 가격 차이는 8억8천만 원 수준입니다.",경제
"기보, 광주회생법원과 기업 재도약·기술거래 활성화 지원 '맞손'","회생기업 재기지원·파산기업 지식재산 활용 협력체계 구축 기술보증기금은 광주회생법원과 '회생기업의 성공적인 재기지원을 위한 업무협약' 및 '파산기업 보유 지식재산권 활용 및 중소기업 기술거래 활성화 지원을 위한 업무협약'을 체결했다고 14일 밝혔다. 이번 협약은 회생기업의 신속한 재기를 지원하고, 파산기업이 보유한 우수기술이 사장되지 않도록 활용 기회를 넓혀 기술 중소기업의 지속 가능한 성장 기반을 강화하기 위해 마련됐다.",경제
"LH, 광명시흥지구 보상절차 착수. 계획보다 4개월 당겨",한국토지주택공사(LH)는 경기 광명시흥 공공주택지구 보상 절차를 애초 계획보다 4개월 당겨 이달 착수했다고 14일 밝혔다. LH는 지난 9일 광명시흥지구 내 토지 및 지장물 소유자를 대상으로 협의보상 안내문을 발송했다.,경제
코스피 6700 공방. 해적 돌변한 트럼프 '된서리',"국내증시가 14일 하락 출발하며 코스피 지수가 6700대, 코스닥 지수가 780대에서 등락하고 있다. 전날 반도체주 투매 충격이 가시지 않은 가운데 간밤 미국의 대(對) 이란 강경 제스처가 투자심리를 재차 위축시켰다.",경제|사회/세계
"BMW 그룹 코리아, 수입차 보조금 1위 찍었다. 성능·배터리 등 다방면서 고평가","MINI 에이스맨, 보조금 400만원. 수입차 1위 BMW iX3, 275만원으로 보조금 50% 적용 BMW iX3, 성능 보조금, 충전 속도 항목서 고평가 BMW 그룹 코리아는 산하 브랜드의 순수 전기차 라인업이 새로운 전기차 보조금 체계에서 성능과 배터리, 충전기 보급 등 다방면에서 고평가를 받으며 경쟁력을 입증했다고 14일 밝혔다.",경제
"카카오페이손보, 'Kiro Day' 개최. 임직원 AI 활용 확대","카카오페이손해보험이 개발 직군뿐 아니라 비개발 직군까지 인공지능(AI)을 업무에 적용할 수 있도록 전 임직원 대상 'Kiro Day'를 개최했다고 14일 밝혔다. 이번 행사는 AI 활용 경험과 실무 노하우를 공유하고, 전사적으로 AI를 활용하는 업무 문화를 확산하기 위해 마련됐다.",IT/과학
"천재교육, 'T셀파' 교사 콘텐츠 제작 파트너 모집","교육과정 수업자료 제작 및 자문 참여 천재교육은 교수학습지원 플랫폼 ‘T셀파’의 교사 콘텐츠 제작 파트너 T크리에이터를 모집한다고 14일 밝혔다. 사진=천재교육 T크리에이터는 더 나은 교육 콘텐츠를 위해 T셀파와 성장하는 콘텐츠 제작 파트너로, 이번 모집 대상은 T셀파 초·중·고 정회원 교사다.",라이프
"코스피, 전날 급락 이어 하락 출발. 장 초반 6700선 등락",원·달러 환율 1497.40원 14일 코스피가 전날 급락에 이어 하락 출발했다. 이날 지수는 37.87p(0.56%) 내린 6769.06으로 장을 시작했다.,경제
"한국금융지주, 연간 이익 3조원인데. 너무 저평가?",SK證. 한국금융지주 연간 예상순이익 3조원 추정.,경제
"삼성전자, 국제 디자인상 ‘레드닷’ 최고상",본상까지 8종 수상 쾌거 아동용 동반자 로봇 등 AI·UI 극대화 설계 호평 삼성전자가 세계적 권위의 국제 디자인상인 ‘레드닷 디자인 어워드 2026’에서 디자인 콘셉트 부문 최고상인 ‘베스트 오브 더 베스트’를 받았다고 14일 밝혔다. 삼성전자는 최고상을 포함해 이번 시상에서 총 8개의 상을 수상했다.,사회/세계|IT/과학
"삼성전자, ‘레드닷 디자인 어워드 2026’ 최고상 2개 등 8개 수상","‘가전 소모품 선행 콘셉트 디자인’, ‘키즈 로봇’ 최고상 AI로 차별화된 경험 제공, 미래 라이프스타일 방향 제시 삼성전자가 국제 디자인 상인 ‘레드닷 디자인 어워드 2026’ 디자인 콘셉트 부문에서 최고상인 ‘베스트 오브 더 베스트’ 2개를 포함해 총 8개의 상을 수상했다고 14일 밝혔다. ‘베스트 오브 더 베스트’는 ‘가전 소모품 선행 콘셉트 디자인’과 키즈 로봇 ‘드리모와 미니모’가 수상했다.",IT/과학
규제지역 묶여도 거센 ‘동탄·평택’ 열기. ‘반도체 수혜 단지’로 쏠린 눈길,직방 호갱노노 2분기 랭킹 발표. 반도체 밸리·신축 분양 단지에 관심 집중 경기 화성시 동탄구 일대의 모습.,경제
"""시민 체감형 시내버스 노선 개편"". 정읍시, 21일까지 의견 수렴","전북 정읍시는 시내버스 노선 개편을 위해 오는 21일까지 온오프라인으로 주민 의견을 조사한다고 14일 밝혔다. 온라인 조사는 정읍시 누리집 소통방을 통해 누구나 참여할 수 있으며, 현장 조사는 읍·면·동 행정복지센터를 통해 마을 이·통장 및 버스 이용 주민을 대상으로 이뤄진다.",사회/세계
"KT, 693개 공공시스템 재배치. 국정자원 ISP 우선협상대상자 선정",국정자원 관리체계 혁신 방향 마련 KT가 국가 공공 AI 인프라 혁신을 위한 밑그림을 그린다. 행정안전부와 한국지능정보사회진흥원(NIA)이 발주한 국가정보자원관리원 혁신 정보화전략계획(ISP) 수립 사업의 우선협상대상자로 선정돼 공공 정보시스템 재배치와 국가 데이터센터(DC) 운영 체계 개편 작업에 착수한다.,정치|IT/과학
"CU, 수제 맥주에 국가 유산 담았다. 국가유산진흥원 협업","편의점 CU를 운영하는 BGF리테일은 국가유산진흥원, 세븐브로이와 함께 '국가유산 방문 캠페인'을 홍보한다고 14일 밝혔다. '국가유산 방문 캠페인'은 우리 국가유산 가치와 매력을 세계인에게 소개하기 위해 2020년부터 국가유산진흥원이 추진하고 있는 사업이다.",경제
KB자산운용 ‘RISE 미국우주&로봇TOP2미국채혼합50 ETF’ 출시,"“미래 산업의 핵심, 스페이스X·테슬라를 한 번에” AI 시대 차세대 성장축 ‘우주·로봇’ 산업 성장성에 집중 미국 단기국채 50% 편입. 연금계좌서 100% 투자 가능 KB자산운용은 미국 우주 산업과 휴머노이드 로봇 산업의 성장성에 집중 투자하는 채권혼합형 상장지수펀드(ETF) ‘RISE 미국우주&로봇TOP2미국채혼합50 ETF’를 14일 출시한다고 밝혔다.",경제
"롯데홈쇼핑, '희망수라간' 새단장. 영등포 취약계층 지원 8000만원 기부",롯데홈쇼핑은 지난 13일 서울 영등포구청 별관 내 반찬 나눔 조리시설 '희망수라간' 리모델링을 마쳣다고 14일 밝혔다. 이날 개관식에서 영등포구사회복지협의회에 기부금 8000만원을 전달했다.,사회/세계
"날씨·취향까지 분석. LF몰, AI 쇼핑 에이전트 '스타일톡' 도입","패션 큐레이션 노하우를 AI에 접목 ""쇼핑 전 과정 돕는 AI 에이전트로 고도화"" 생활문화기업 LF는 자사가 운영하는 LF몰에 생성형 인공지능(AI) 기반 쇼핑 에이전트 서비스 'LF 스타일톡'을 도입했다고 14일 밝혔다. 해당 서비스는 LF몰 검색창 아래 스타일톡 메뉴를 통해 이용할 수 있다.",IT/과학|라이프
"울산시, 시내버스 정상화·산업 인공지능 전환 속도 낸다","김상욱 울산시장, 광폭 행보 ‘시동’. 정부·기업 속속 방문 현안 해결 나서 울산시는 김상욱 울산시장이 14일 기후에너지환경부와 HD현대 글로벌알앤디(R&D)센터, 삼성에스디아이(SDI) 본사를 잇달아 방문해 지역 현안을 건의하고 협력 방안을 논의한다고 밝혔습니다.",IT/과학|사회/세계
호르무즈 해협 긴장 고조에. 해운·정유株 ‘불기둥’,이란이 호르무즈 해협을 재봉쇄하면서 14일 해운·정유주가 급등하고 있다. 이날 오전 9시 30분 기준 유가증권시장에서 STX그린로지스는 전 거래일 대비 760원(29.92%) 오른 3300원에 거래되고 있다.,사회/세계|경제
"삼성전자, 테슬라 AI5 생산 초읽기. 파운드리 청신호","테슬라 차세대 칩 양산 준비 마무리 대미 투자 압박 속 테일러 본격 가동 임박 삼성 2나노 첨단 공정 경쟁력 입증 기회 가동률 상승, 파운드리 적자 폭 축소 기대 삼성전자가 미국 전기차 업체 테슬라로부터 수주한 차세대 인공지능(AI) 반도체 ‘AI5’ 양산 준비를 마치면서 파운드리(반도체 위탁생산) 사업의 실적 개선 기대감이 커지고 있다. AI5는 삼성전자가 미국 텍사스주 테일러에 구축한 신공장에서 2나노(㎚) 첨단 공정을 적용해 생산될 예정이다.",IT/과학
"네이버 카페, 글·댓글 쓰면 리워드. ‘티키타카페’ 이벤트 시작",생활·육아·반려동물 등 일상 카페 대상. 22일까지 신청 글 4개·댓글 8개 작성하면 네이버페이 포인트 등 혜택 우수 카페엔 최대 100만원 성장 지원금 제공 네이버(NAVER(035420))가 카페 이용자들의 글과 댓글 활동에 리워드를 제공하는 이벤트를 열고 커뮤니티 활성화에 나선다.,라이프
"코스피, 코스닥 동반 하락","14일 서울 중구 하나은행 본점 딜링룸에서 직원들이 증시와 환율 등을 모니터하고 있다. 이날 오전 9시 5분 기준 코스피는 전 거래일 대비 137.29포인트(2.02%) 하락한 6,669.64에 거래되고 있다.",경제
"삼성SDI, 세계 최초 UPS 배터리 대형 화재 테스트 통과",스프링클러 없이 자체 진화. AI 데이터센터 공략 속도 삼성SDI의 무정전전원장치(UPS)용 배터리가 해외 인증기관의 화재 차단 테스트를 통과해 안전성을 입증했다.,경제|IT/과학
"KB운용, 스페이스X·테슬라 50% 투자. 채권혼합형 ETF 출시",(서울=뉴스1) KB자산운용이 스페이스X와 테슬라에 각각 25%를 투자하면서 미국 단기국채를 편입해 변동성을 낮춘 채권혼합형 상장지수펀드(ETF) 상품을 선보인다. KB자산운용은 'RISE 미국우주&로봇TOP2미국채혼합50 ETF'를 출시한다고 14일 밝혔다.,경제
중동 긴장에 국제유가 급등. 정유주 줄상승,중동 긴장 고조에 국제유가가 급등한 가운데 14일 국내 정유주가 줄줄이 상승 중이다. 이날 오전 9시 30분 기준 코스닥시장에서 흥구석유는 전장 대비 14.09% 오른 1만3천280원에 거래되고 있다.,경제|사회/세계
고유가에 친환경차 중고거래 '급증'. 전기·하이브리드 2배,당근중고차 상반기 분석. 경차·포터도 실속 소비로 강세 올해 상반기 당근중고차에서 전기차와 하이브리드차 거래량이 지난해 같은 기간보다 두 배 이상 증가한 것으로 나타났다.,경제
"중기중앙회, 스마트공장 기업 PL보험·손해공제료 5% 특별 할인",일반 보험사보다 최대 28% 저렴. 13개 지자체 보험료 지원사업과 중복 적용 가능 중소기업중앙회는 스마트공장을 구축한 중소기업의 경영 안정과 경쟁력 강화를 위해 제조물배상책임(PL)보험과 손해공제료를 5% 특별 할인한다고 14일 밝혔다.,경제
"2분기 세계 스마트폰 출하량 13년 만에 최저, 삼성 1위 탈환","美 시장조사업체 카운터포인트 리서치 잠정 집계 2분기 출하량 11% 줄어 2013년 이후 최저 수준 AI 열풍에 따른 반도체 대란으로 원가 상승 원가 상승이 가격 인상으로 이어지며 수요 급감 가격 민감한 중저가 스마트폰에서 수요 위축 두드러져 삼성, 2개 분기만에 1위 탈환. 2위는 애플 3~5위는 중저가 모델 주로 만드는 중국 기업들 올해 2·4분기 세계 스마트폰 출하량이 13년 만에 최저 수준으로 떨어졌다.",경제|IT/과학
"중기중앙회, 스마트공장 중소 제조사 보험료 지원 확대",중기중앙회는 스마트공장 구축 지원사업에 참여한 중소 제조업체를 대상으로 제조물배상책임(PL)보험과 손해공제 보험료를 각각 5% 추가 할인한다고 14일 밝혔다. 이번 할인은 스마트공장 도입으로 생산성과 공정 효율을 높인 기업들이 경영 과정에서 발생할 수 있는 각종 위험에 보다 안정적으로 대응할 수 있도록 지원하기 위한 조치라고 중기중앙회는 설명했다.,경제
"광주반도체와 영암RE100, 대한민국 미래가 열린다","영암군수 우승희 정부가 광주 군공항 이전부지를 중심으로 대한민국 제2의 반도체 생산거점을 조성하기로 결정했다. 첨단산업 경쟁력을 높이는 국가 전략인 동시에, 새롭게 출범하는 전남광주통합특별시가 미래 성장의 중심으로 도약할 중요한 전환점이다.",IT/과학|경제
"이란 수수료 비난하더니. 트럼프 ""호르무즈 통행료 20% 받겠다""","해협안보비용으로 ""화물 가치의 20% 부과할 것"" 루비오 국무등 ""국제 수로에 통행료 부과 어불성설""주장해와 이 기사는 국내 최대 해외 투자정보 플랫폼 한경 글로벌마켓 에 게재된 기사입니다. 트럼프 대통령은 13일 오전 (현지시간) 호르무즈 해협에서 이란 선박에 대한 봉쇄를 재개하고 모든 선박에 통행료를 부과하겠다고 밝혔다.",사회/세계
"트럼프 ""호르무즈 해협 통항 화물에 20% 부과. 이란 봉쇄 재개""","도널드 트럼프 미국 대통령이 호르무즈 해협을 통과하는 모든 화물에 20%의 비용을 부과하고, 이란 선박의 통항을 차단하는 해상 봉쇄를 재개하겠다고 밝혔다. 트럼프 대통령은 13일(현지시간) 사회관계망서비스(SNS) 트루스소셜을 통해 ""호르무즈 해협은 열려 있으며, 이란의 협조 여부와 관계없이 계속 열려 있을 것""이라며 이같이 말했다.",사회/세계
"공모채 부익부 빈익빈. 40% 쪼그라든 시장, 우량채가 3분의 2 독식",② 상반기 공모채 발행 39% 급감. ‘AA-’ 이상 우량채 자금 쏠려 A급·BBB급 반토막에 시장 내 비중도 축소.,경제
"트럼프 ""해상 봉쇄 재개"". 일제히 하락",반도체주 대부분 하락 중 13일(현지시간) 미국의 3대 지수는 도널드 트럼프 미국 대통령의 이란 해상 봉쇄 재개 선언으로 국제유가가 급등하면서 일제히 하락 중이다. 뉴욕증권거래소(NYSE)에서 다우존스30산업평균지수(다우지수)는 전 거래일보다 53.98포인트(0.10%) 하락한 5만2583.03에 마감했다.,사회/세계
"오펜하이머 ""전쟁·인플레에 계절 요인까지. S&P지수 7000선 추락 가능""","7월은 역사적으로 S&P지수 강력한 성적내는 달 8월부터 상승 탄력 꺾여. 9월은 최악 부진 ""반도체 변동성 이어질 듯.",경제|사회/세계
무더위 속 영종하늘도시 정전. 예비전력 공급·밤샘 복구작업(종합2보),"25명 승강기 갇혔다 구조. 정전 2천여세대 중 96%에 전력 임시공급 중산변전소 지중 송전선로 설비 문제 한전 ""인근 변전소 배전선로 임시 설치.",사회/세계
"노동부, 삼전 노조에 제동. ""호남 메가프로젝트, 교섭대상 아냐""","고용노동부가 삼성전자 노조의 '호남 반도체 메가프로젝트를 내년 노사 교섭 의제로 다루겠다'는 주장에 대해 개정 노동조합법(노란봉투법)상 단체교섭 대상이 아니라는 입장을 밝혔습니다. 노동부는 13일 보도설명자료를 통해 ""개정 노동조합법(노란봉투법)상 단체교섭 및 노동쟁의 대상에 포함되지 않는다""고 설명했습니다.",경제
"노동부 ""호남 반도체 메가프로젝트, 노조 교섭 대상 아냐""","초기업노조 ""2027년 교섭 의제 포함"" 주장 노동부 ""사업 결정 자체는 노조법상 교섭 대상 아냐"" 고용노동부가 삼성전자 노조가 정부의 호남 반도체 메가프로젝트를 내년 단체교섭 의제로 다루겠다고 밝힌 데 대해 ""개정 노동조합법(노란봉투법)상 단체교섭 대상이 아니다""라고 선을 그었다. 노동부는 13일 설명자료를 내고 ""기업 투자나 공장 증설 등 사업 경영상의 결정 자체는 근로조건에 실질적·구체적인 영향을 미친다고 보기 어렵다""며 ""개정 노동조합법상 단체교섭이나 노동쟁의 대상에 포함되지 않는다""고 밝혔다.",경제
"트럼프, 호르무즈 해협 재봉쇄. “모든 국가 선박에 20% 통행료 징수” 일방 선언","해상봉쇄로 이란 자금줄 옥죄기 “우리가 수호 천사가 돼 호르무즈 해협을 지키고, 그 대가로 엄청 많은 돈을 받을 것이다.” 도널드 트럼프 미국 대통령이 13일(현지시간) 본인 사회관계망서비스 ‘트루스 소셜’에 “우리는 대(對)이란 봉쇄를 재개한다”며 이 같이 밝혔다. 그는 이어 세계에서 가장 불안정한 지역인 이 해역에 안전과 보안을 제공하는 데 드는 비용을 운송 화물의 20%로 보상받게 될 것이라고 주장했다.",사회/세계
"현대건설 SMR 파트너 홀텍, 나스닥 IPO 계획",미국 소형모듈원전(SMR) 기업 홀텍 뉴클리어가 연내 나스닥 기업공개(IPO) 추진을 위해 미 증권거래위원회(SEC)에 서류를 제출했다고 블룸버그통신이 11일(현지시간) 보도했다. 홀텍은 최근 인공지능(AI) 데이터센터의 에너지원으로 원자력발전이 두각되며 시장의 관심이 커진 것을 IPO의 기회로 삼았다.,경제
복정2 사전청약 당첨자들 “분양가 폭탄 안 된다”. LH 앞 집회,“사업 지연 비용 수분양자 전가 안 돼” 성남 복정2지구 신혼희망타운 사전청약 당첨자들이 한국토지주택공사(LH)의 본청약 지연으로 분양가가 상승할 수 있다며 집회를 열고 대책 마련을 촉구했다. 이들은 사업 지연으로 발생한 추가 비용을 수분양자에 전가해서는 안 된다며 사전 청약 시 약속한 기준에 따라 분양가 산정해야 한다고 주장했다.,경제
중동 긴장' 재점화에 뉴욕증시 혼조세. 하이닉스 ADR 7%,"유가 상승폭 축소에 국채금리 상승폭도 축소 반도체 주식 대부분 약세 이 기사는 국내 최대 해외 투자정보 플랫폼 한경 글로벌마켓 에 게재된 기사입니다. 중동의 긴장 재점화로 국제유가가 상승한 가운데 반도체 하락세까지 가세, 13일(현지시간) 뉴욕증시는 혼조세로 출발했다.",경제
"""이런 하이닉스는 처음"". 200만원 무너지고 시총 30조 증발",하이닉스 -15.37%·삼성전자 -10.70% 코스피 7000선 붕괴에 반도체주 직격탄 코스피가 7000선 아래로 밀려난 가운데 반도체 대장주인 SK하이닉스와 삼성전자가 나란히 두 자릿수 급락했다. 미국과 이란 간 군사적 긴장 고조와 차익실현 매물이 겹치면서 외국인과 기관의 대규모 매도가 쏟아졌다.,경제
SK하이닉스 ADR 9% 급락. AI 반도체주 '숨고르기',【 파이낸셜뉴스 뉴욕=이병철 특파원 】 나스닥 상장 첫날 13% 급등했던 SK하이닉스 미국주식예탁증서(ADR)가 하루 만에 9% 급락했다. 중동 지정학적 리스크가 이어지는 가운데 투자자들이 차익실현에 나서면서 AI 반도체주 전반이 약세를 보였다.,경제
“이 정도로 잘 팔릴 줄은 몰랐다”. 역대급 폭염에 100만 개 불티난 ‘이 제품’,자그마치 100만 개. 폭염이 기승을 부린 지난 주말(11~12일) 이틀간 편의점 GS25에서 팔려나간 얼음컵 수다.,라이프|사회/세계
"정부, 콩나물용 콩 저율관세 물량 1만t 확대","최근 콩나물용 콩의 공급 부족과 가격 상승 우려가 커지자 정부가 생활물가 안정과 국내 산업 보호를 위해 저율 관세가 적용되는 수입 물량을 대폭 늘리기로 했다. 재정경제부는 13일 콩나물 재배용 콩의 시장접근물량(TRQ)을 기존 1만 7,450t에서 2만 7,450t으로 1만t 확대한다고 밝혔다.",경제
두 달여 만에.,13일 서울 중구 하나은행 본점 딜링룸에 코스피와 코스닥 마감가가 표시돼 있다. 이날 코스피는 전일 대비 약 9% 급락하며 2개월여 만에 7000선을 내주고 6806.93에 장을 마감했다.,경제
부처별 발표,"김정관 산업통상부 장관(앞줄 왼쪽 네 번째)이 13일 청와대에서 열린 ‘2026년 국가재정전략회의’에서 메가프로젝트, 반도체·인공지능(AI) 로봇을 주제로 발표하고 있다.",IT/과학|정치
‘더 뉴 엘란트라 N TCR’ 포르투갈서 우승컵,현대자동차는 ‘더 뉴 엘란트라 N TCR’이 지난 11∼12일(현지시간) 포르투갈 빌라 레알 인테르나 시오나우 서킷에서 열린 ‘2026 TCR 월드투어’ 4라운드 우승을 차지했다고 13일 밝혔다. 더 뉴 엘란트라 N TCR이 2026 TCR 월드투어 4라운드 포르투갈 대회에서 주행하는 모습.,라이프|문화/트렌드
"박홍근 ""내년 세수 500조 돌파 예상. 지출 50조 줄여 미래 투자""",박홍근 기획예산처 장관이 사상 최대 세수를 전망하며 미래대응기금 신설을 예고했다. 역대 최대 규모인 50조 원의 지출 구조조정을 단행해 확보한 재원으로 미래 성장 동력에 집중적으로 투자하겠다는 구상이다.,경제
"계란 한 판 4000원대로 내린다. 이마트, 수입 신선란 16일부터 가격 인하","브라질산 신선란 첫 통관. 주당 2000만개 공급 확대 정부, 할인행사·농할상품권 병행.",경제|라이프
"노동부, 삼성전자 노조 ‘반도체 투자’ 교섭 요구에 ”대상 아냐”","초기업노조 삼성전자지부가 개정 노조법(노란봉투법)에 따라 '호남 반도체 투자'를 두고 교섭에 나서겠다고 예고한 가운데, 고용노동부가 ""교섭 대상이 아니다""며 선을 그었습니다. 노동부는 오늘(13일) 보도 설명 자료를 통해 ""기업 투자, 공장 증설 등 사업 경영상의 결정 자체는 근로조건에 실질적‧구체적인 영향을 미친다고 보기 어렵다""며 ""노조법상 단체교섭, 노동쟁의 대상에 포함되지 않는다""고 밝혔습니다.",경제
“호남 반도체도 교섭 의제” 삼성전자 노조 주장에. 노동부 “대상 아니다”,"고용노동부는 13일 삼성전자 노조가 정부가 추진하는 호남 반도체 메가프로젝트를 내년도 노사 교섭 의제로 삼겠다고 주장한 데 대해 “개정 노동조합법(노란봉투법)상 단체교섭 및 노동쟁의 대상에 포함되지 않는다”고 밝혔다. 노동부는 이날 보도자료를 내고 “기업 투자, 공장 증설 등 사업 경영상의 결정 자체는 근로조건에 실질적·구체적인 영향을 미친다고 보기 어렵다”면서 이같이 밝혔다.",경제
혼조 출발. 미·이란 긴장 고조에 S&P·나스닥 주춤,(서울=뉴스1) 미국 뉴욕증시가 월요일인 13일(현지시간) 미국과 이란 간의 긴장 고조와 반도체주 압박 속에 혼조세로 출발했다. 로이터통신에 따르면 다우존스 산업평균지수는 이날 전장보다 39.5포인트(0.08%) 상승한 5만2676.53으로 개장했다.,경제
"""3나노 완판"". TSMC, 6월 매출 68% 급증",【 파이낸셜뉴스 뉴욕=이병철 특파원 】 인공지능(AI) 반도체 수요가 좀처럼 식지 않고 있다. 세계 최대 파운드리(반도체 위탁생산) 기업 TSMC의 6월 매출이 시장 예상치를 웃도는 증가세를 기록한 가운데 첨단 3나노 공정은 이미 올해 생산 물량이 모두 팔린 것으로 나타났다.,경제|IT/과학
외국인이 쓸어담았다. 백화점 '빅3' 상반기 매출만 1조7200억,"롯데·신세계·현대 등 국내 백화점 3사의 올해 상반기 외국인 매출이 사상 처음으로 1조7000억원을 넘어섰다. 지난해 같은 기간보다 2배 이상 늘어난 규모로, 이 같은 추세가 이어질 경우 3사 모두 올해 외국인 연매출 1조원을 돌파할 것으로 전망된다.",경제
"""호남 반도체 교섭의제로"" 삼전노조 주장에 노동부 ""대상 아냐""","""투자 결정 자체가 근로조건에 실질적·구체적 영향 미친다고 보기 어려워"" 고용노동부는 13일 삼성전자 노조가 정부가 추진 중인 호남 반도체 메가프로젝트를 내년 노사 교섭 의제로 다루겠다고 주장한 데 대해 ""개정 노동조합법(노란봉투법)상 단체교섭 및 노동쟁의 대상에 포함되지 않는다""고 밝혔다. 노동부는 이날 보도 설명자료를 내고 ""기업 투자, 공장 증설 등 사업 경영상의 결정 자체는 근로조건에 실질적·구체적인 영향을 미친다고 보기 어렵다""면서 이같이 밝혔다.",경제
"구윤철 ""2030년까지 청년 일자리 20만 개 창출""",정부가 청년들의 생애주기 전반을 아우르는 맞춤형 대책을 내놨다. 오는 2030년까지 공공과 민간 부문에서 청년 일자리 20만 개를 창출하고 양질의 주거 공급과 자산 형성까지 전방위적으로 지원한다는 구상이다.,정치
올해 피해보전직접지불금 대상에 '가리비'. 최대 5000만원 지원 外,올해 피해보전직접지불금 대상에 '가리비'. 최대 5000만원 지원 8월 13일까지 관할 시·군·구서 신청.,사회/세계
"안유진 '40억 아파트' 로또 청약에. ""청약 넣을 돈도 없다"" 형평성 논란",분양가 22억·계약금만 4억. '현금 있어야 가능한 청약' 지적 그룹 아이브 멤버 안유진이 서울 서초구 '디에이치 방배' 청약에 당첨된 것으로 알려지면서 현행 청약 제도의 형평성 논란이 다시 불붙고 있다.,경제
"뉴욕증시, 미국-이란 무력 충돌 속 혼조 출발","뉴욕증시의 3대 주가지수는 미국과 이란 간의 무력 충돌이 이어지는 가운데 혼조세로 출발했다. 13일(현지시간) 오전 9시 37분 현재 뉴욕증권거래소에서 다우존스30산업평균지수는 전장보다 96.85포인트(0.18%) 오른 52,733.86을 기록했다.",경제|사회/세계
"광주 반도체' 반대한다는 삼전 노조에. 노동부 ""단체교섭 대상 아냐""","삼전노조, 노란봉투법 거론하며 2027년 '메가프로젝트' 단체 교섭 예고 노동부 ""경영 판단 자체는 교섭 대상 아냐. 근로조건의 실질적 영향 있어야"" (세종=뉴스1) 삼성그룹 초기업노동조합 삼성전자(005930) 지부가 정부의 호남권(광주) 반도체 프로젝트에 대해 반대 의사를 표하고 2027년도 노사 교섭 의제로 삼겠다고 밝힌 데 대해 고용노동부가 ""기업 투자와 공장 증설 등 경영상 결정 자체는 단체교섭 및 노동쟁의 대상이 아니다""라고 밝혔다.",경제
"하이닉스 실적전망 하향·중동 악재까지. 레버리지 급락, 변동성 키워","코스피가 13일 장중 9% 넘게 하락하며 6,800 밑으로 떨어지는 ‘검은 월요일’을 맞이한 것은 삼성전자와 SK하이닉스 등 반도체 대형주의 하락 영향이 컸다. 최근 가파르게 올랐던 코스피 시가총액 2위 SK하이닉스는 미 나스닥에 미국주식예탁증서(ADR)를 성공적으로 상장한 직후에 오히려 역대 가장 큰 일간 하락률을 기록하며 코스피 변동성을 키웠다.",경제
정부 정책 만들때 법적 문제 없을까. 공무원들이 ‘AI 법령 비서’ 구축,"법제처와 행안부, 과기정통부 공동 개발 중앙·지방정부 공무원, 업무에 즉시 활용 대법원 판례 6만건, 법령 등 24만건 탑재 공무원들이 정책을 만들 때 법적인 문제가 없는지 확인할 수 있는 인공지능(AI) 서비스가 개발됐다. 법제처와 행정안전부, 과기정통부는 공무원이 법령과 판례를 쉽고 빠르게 검토해 국민들에게 신속한 행정서비스를 제공할 수 있도록 ‘AI 법령 비서’를 공동 개발했다고 13일 밝혔다.",IT/과학|정치
"AI 열풍의 역설. 월가, 반도체 랠리 '과속' 우려","【 파이낸셜뉴스 뉴욕=이병철 특파원 】 글로벌 자산운용사들이 인공지능(AI) 열풍을 타고 급등한 아시아 반도체주에 대해 잇달아 경고음을 내고 있다. SK하이닉스와 삼성전자, TSMC가 AI 메모리 슈퍼사이클을 주도하며 시가총액 1조달러 기업으로 올라섰지만 주가 상승 속도가 기업가치와 실적 개선을 앞질렀다는 우려가 커지고 있다.",IT/과학
증손회사 규제 완화해 호남 팹 속도 낸다,정부와 여당이 비수도권 반도체 공장(팹) 건설에 외부 투자를 유치할 수 있도록 증손회사 지분 규제를 완화하는 법 개정을 추진한다. 지주사의 손자회사가 증손회사를 100% 보유해야 하는 현행 규제를 풀어 사업 속도를 높이겠다는 취지다.,경제
"항로표지기술원, ‘제8회 국제항로표지포럼’ 15일 부산서 개최",올해 국제항로표지포럼이 15일 부산에서 열린다. 한국항로표지기술원은 오는 15일 부산 파라다이스호텔에서 ‘제8회 국제항로표지포럼’을 개최한다고 13일 밝혔다.,사회/세계
7000선 붕괴 '패닉'. 코스피 무너진 이유 4가지,"SK하이닉스 ADR 흥행의 역설. 호재 소진에 차익실현 반도체 정점론, ETF 리밸런싱, 유가 급등 악재 '줄줄이' 코스피가 날개 없는 추락을 이어가고 있다.",경제
‘아재폰’ 조롱 받던 갤럭시. “이런 결과는 예상 못했다” 인식 ‘확’ 바뀌었다는데,"갤럭시 사용률 81% 1위 재구입 의향도 역대 최고 AI 선도기업도 삼성 1위 삼성전자 갤럭시가 국내 스마트폰 사용률과 구입·재구입 의향에서 모두 1위를 기록했고, AI 기술 선도 기업 인식에서도 가장 앞선 것으로 조사됐다. 사용률 81%, 격차 더 벌어져 13일 한국갤럽에 따르면 이날 발표된 ‘스마트폰 관련 조사 2026’에서 국내 만 13세 이상 스마트폰 이용자 가운데 삼성 갤럭시를 주로 쓴다고 답한 비율이 81%로 나타났다.",IT/과학
쇼핑카트로 막힌 홈플러스 입구,홈플러스가 운영자금 고갈에 따른 매장 유지 비용 부족으로 대형마트 영업을 13일부터 임시 중단한 가운데 이날 서울시내 한 점포에 임시 휴무를 알리는 안내문이 붙어있다. 홈플러스가 운영자금 고갈에 따른 매장 유지 비용 부족으로 대형마트 영업을 13일부터 임시 중단한 가운데 이날 서울시내 한 점포에 임시 휴무를 알리는 안내문이 붙어있다.,경제
기상 악화로 여객선 결항·지연. ‘운항증명서 자동 발급 서비스’ 적극 활용하세요!,"KOMSA, 서비스 도입 1년 4개월 만에 2만여 건 발급 도입 전 3년간 누적 발급 건수 768건의 약 26배 “기상 악화로 여객선 결항·지연 시 온라인 즉시 발급” 한국해양교통안전공단이 지난해 2월 도입한 ‘여객선 운항증명서 자동 발급 서비스’가 기상 악화에 따른 여객선 결항·지연 등으로 확인 증명이 필요한 여행객이나 국군 장병 등에게 제역할을 톡톡히 하고 있는 것으로 나타났다. 해양교통안전공단(KOMSA, 이하 공단) 관계자는 “여름철은 여객선 이용 수요가 늘어나는 동시에 태풍 등 기상 악화로 운항 일정이 변경되는 경우도 적지 않다”며 여객선 운항증명서가 필요한 경우 온라인 자동 발급 서비스를 적극 활용해줄 것을 당부했다.",라이프
"""남는 컴퓨팅파워 판다더니"". 메타, 건설중 데이터센터 2.5배 확장","컴퓨팅용량 2GW5GW,투자액 40조원75조원으로 확대 ""향후 3년간 미국내 인프라에 6천억달러 투자"" 이 기사는 국내 최대 해외 투자정보 플랫폼 한경 글로벌마켓 에 게재된 기사입니다. 남는 컴퓨팅 파워를 외부에 판매한다는 계획으로 반도체 피크아웃(정점 돌파)우려를 부채질했던 메타가 현재 건설중인 데이터센터의 확장을 발표했다.",IT/과학|경제
코스닥 떠나 '삼전닉스 2배' 탄 개미들. 수익률 -40% '피눈물',7월 코스닥 거래대금 연중 최저 삼전닉스 2배 수익률 정작 '급락' 삼성전자·SK하이닉스 단일종목 레버리지 출시 이후 코스닥 시장의 거래대금이 급감했다. 개인 투자자들은 코스닥 시장을 떠나 단일종목 레버리지 상품 투자에 나섰지만 수익률은 코스닥 지수보다 낮은 것으로 나타났다.,경제
"개미무덤 된 삼전닉스 레버리지 어이할꼬. 금감원장, 해법놓고 ‘장고’",20개 운용사 CEO 간담회 ETF 과장광고 자정노력 주문 비공개 논의서 레버리지 거론 변동성·개인 손실 우려 표명 구체적인 개선책 논의는 안해 이찬진 금융감독원장이 자산운용업계를 향해 상장지수펀드(ETF) 관련 거짓·과장광고 근절과 괴리율 관리를 위한 고강도 자정 노력을 공개적으로 주문했다. 이어 비공개로 업계 의견을 청취하는 자리에서는 단일종목 레버리지 ETF 가 증시 변동성과 개인투자자 손실을 키울 수 있다는 우려도 표명한 것으로 전해졌다.,경제
"적자 재정' 독일, 담뱃세 대폭 인상. 2030년 한갑 2만원",적자 재정으로 압박을 받고 있는 독일 정부가 담뱃세를 대폭 인상해 재정 공백을 메우기로 결정했다. 현지 언론 RND는 연방 재무부가 현재 한 갑당 4유로(약 6828원) 수준인 담뱃세를 오는 2030년까지 6.19유로(약 1만568원)로 단계적으로 인상할 방침이라고 13일(현지시간) 전했다.,경제
“이렇게 맛있는데 3000원대?”. 직장인들 점심만 되면 ‘여기’ 몰려가는 이유,"점심값이 1만 원을 훌쩍 넘는 ‘런치플레이션’(런치+인플레이션) 시대, 버거킹이 나흘간 대표 메뉴인 와퍼를 3000원 대에 판매한다. 버거킹은 이달 16일까지 나흘간 와퍼와 불고기와퍼 단품을 3900원, 치즈와퍼 단품을 4500원에 판매한다고 13일 밝혔다.",경제
"서부발전, 고위직부터 청렴 실천. ‘청렴 릴레이 선언’ 外","서부발전, 고위직부터 청렴 실천. ‘청렴 릴레이 선언’ 사장･경영진 등 32명 첫 주자.",경제
“현금 부자만 로또 청약?”. 안유진 ‘18억 로또’에 “적폐 청약 뜯어 고치자”,그룹 아이브 멤버 안유진이 약 18억원의 시세차익이 예상되는 ‘디에이치 방배’ 청약에 당첨됐다는 보도가 나오자 주택 청약제도를 둘러싼 공정성 논란이 다시 불붙고 있다. 분양가 상한제가 적용되는 ‘로또 청약’이 결국 현금 동원력을 갖춘 일부 고소득층과 부유층에게만 유리하게 작용한다는 지적이다.,경제
다시 불 켜질까. 홈플러스 모든 마트 매장 임시휴업,홈플러스 본사와 전국 모든 대형마트 매장이 임시휴업에 들어간 13일 서울 강동점 매장 입구에서 한 시민이 발길을 돌리고 있다. 서울회생법원은 지난 3일 홈플러스의 회생절차 폐지를 결정했다.,경제
반도체 폭락에 ‘도로 6000피’···피크아웃·전쟁 우려가 증시 압박,"피크아웃·전쟁 우려가 증시 압박 닉스, 역대 장중 최고가 대비 -38% 코스피 지수가 13일 9% 가까이 폭락하며 7000선을 내줬다. 반도체주 ‘투 톱’인 삼성전자와 SK하이닉스의 폭락이 증시 하락의 주된 요인으로 작용했다.",경제
"스토킹·교제폭력 정부 대책, ‘현장 집행력 강화’는 또 빠져",하반기에 피해자 보호 법제화 스토킹과 교제폭력이 잇따라 살인 등 강력범죄로 이어지자 정부가 교제폭력 처벌 법제화 등 대응 강화 방안을 발표했다. 하지만 이미 시행 중인 제도와 지난해 발표한 대책을 구체화한 수준에 그쳤다는 평가가 나온다.,사회/세계
"“출근했더니 휴업통보”. 홈플러스, 운영자금 고갈에 매장 셧다운","본사, 자금 부족에 휴업 결정 2천억 자금조달에 운명 달려 법원 마감시한 20일로 다가와 MBK·메리츠 여전히 줄다리기 13일 정오 서울 관악구 홈플러스 남현점. 대형마트 입구는 빨간 차단벨트로 막혀 있었고, ‘홈플러스 마트는 임시 휴업합니다’라는 안내문이 걸려 있었다.",경제
신약 개발 경쟁 심화. 원숭이 값 상승·국가 선제 지원,한 주(7월 6일~7월 12일)의 글로벌 제약·바이오업계 이슈를 모았다. 이번 주에는 세계적인 신약 개발 열풍 속에서 핵심 자원으로 급부상한 실험용 원숭이의 공급 부족 사태와 자국 내 신약 독자 개발 역량을 끌어올리기 위해 파격적인 재정적 지원책을 꺼내 든 일본 정부의 조치 등이 업계의 이목을 집중시켰다.,경제
브레이크 페달이 필요없는 차,정대진 한국자동차모빌리티산업협회장 인류가 마차에서 자동차로 이동한 후 변하지 않던 공식이 무너지고 있다. 최근 미국 정부는 자율주행 전용 차량에서 브레이크 페달을 생략할 수 있도록 연방 차량안전규정 개정을 추진 중이고 유엔 자동차기준 국제 조화 회의는 자율주행 시스템의 국제 기준을 처음 제정했다.,경제|IT/과학
국세청장 “반도체 산업 세수 쏠림 걱정. ‘미래대응기금’ 꼭 필요”,임광현 청장 “반도체 호황 때 세수 빠르게 증가 둔화 때는 기업 실적 악화로 세수도 감소” 분석 “균형·안정적 세수 기반 구축할 선순환” 촉구 임광현 국세청장 SNS 캡처. 임광현 국세청장은 “세수 포트폴리오 다변화 측면에서 핵심 경쟁력인 반도체는 초격차 산업으로 지속 육성해 글로벌 기술 우위를 공고히 하는 한편 미래먹거리인 새로운 전략산업을 적극 투자·육성해야 한다”고 12일 밝혔다.,경제|IT/과학
창업기업 아이디어 보호 상담받는다. 17개 시도서 ‘아이디어 컨설팅 데이’,‘모두의 창업’ 진출자과 창업기업 등 대상 7월 한달간 전국 스타트업 지원센터에서 변호사 법무지원단 등 120명 전문가 참여 아이디어 보호를 희망하는 예비창업자와 창업기업을 대상으로 아이디어를 안정하게 보호할 수 있는 전문상담이 진행된다. 중소벤처기업부는 ‘모두의 창업 프로젝트’ 진출자와 예비창업자 및 창업기업을 대상으로 전국 17개 시도에서 ‘아이디어 컨설팅 데이’를 개최한다고 12일 밝혔다.,라이프|사회/세계
농업수입안정보험 1203억원 농가에 지급. 양파 159억원으로 최다,"농식품부, 작년 12개 품목에 보험 판매 수확기가격 확정 9개 품목 보험금 지급 양파 호당 1123만원, 양배추 1064만원 올들어 양파 가격이 많이 떨어졌지만 농업수입안정보험에 가입한 농가들은 평균 호당 1123만원의 보험금을 지급받았다. 농림축산식품부는 작년 판매한 농업수입안정보험 15개 품목 가운데 수확기 가격이 확정된 9개 품목에 대해 보험금 1203억 원을 농가에게 지급했다고 12일 밝혔다.",경제
“여러분이 지켜줬다”. 상폐 위기 넘긴 모나미 대표 자필 편지,"상장 폐지 위기에 몰린 문구 기업 모나미에 대한 ‘응원 투자’가 이어지면서 시가 총액이 상장 유지 기준을 넘어서자 모나미 사장이 자사 홈페이지에 자필 감사문을 올렸다. 12일 모나미 홈페이지에 따르면, 홈페이지에 송재화 사장의 자필 감사문이 올라왔다.",경제
40조원 들고 온 SK하이닉스. '통화스와프급' 달러 공급 온다,"ADR로 조달한 265억달러 대부분 국내 투자 원화 약세 완화 기대감. ""최근 환율 하락에도 선반영"" 미국 나스닥 상장으로 265억달러를 조달한 SK하이닉스가 국내 투자 과정에서 대규모 달러를 원화로 환전할 것으로 예상되면서 외환시장에 달러 공급이 확대될 전망이다.",경제
"""내가 가장 잘한다"". FMVP '제우스'가 완성한 한화생명 첫 MSI 우승",리그오브레전드(LoL)'에서 탑(상단) 라이너는 팀 승리에 미치는 영향력이 상대적으로 작다는 통념이 있다. 한화생명e스포츠 '제우스' 최우제는 우승이 걸린 마지막 두 세트에서 이를 정면으로 뒤집었다.,문화/트렌드
"임광현 국세청장 “초과 세수, 미래대응기금 필요”. 중앙정부 채무는 1345조 원 돌파",임 청장 “지속가능한 재정은 세수 확보뿐 아니라 안정 확보에 달려” 중앙정부 채무는 1345조 원 돌파하며 재정 건전성 논란 커져 임광현 국세청장 페이스북 캡처. 임광현 국세청장이 지속가능한 재정을 위해 반도체 호황으로 늘어난 세수로 조성하는 ‘미래대응기금’이 반드시 필요하다는 뜻을 밝혔다.,경제|정치
"생산·유통·마케팅 모두 배운다. 한농대, 농산업 밸류체인 과정 운영","농협과 협력해 계절학기 과정으로 운영 창업전략, 금융자금 활용법, 마케팅 등 농산업 전주기 현장 강의·견학 프로그램 국립한국농수산대학교(한농대) 재학생들이 농산물 생산부터 창업과정, 농업금융자금 활용법, 농산물 판매 현장을 체험하며 농산업 전분야를 직접 확인하는 밸류체인 과정을 배웠다. 한농대는 농협과 협력해 재학생을 대상으로 ‘농산업 밸류체인 과정’을 운영했다고 12일 밝혔다.",경제
"""이제는 반등을 볼 때"". '성지 순례 보고서' 연구원이 꼽은 조건","코스피 1만 시대'를 전망하면서도 SK하이닉스의 삼성전자 시가총액 추월을 강세장 종료 신호로 지목해 화제를 모았던 이재만 하나증권 연구원이 이번에는 ""이제는 반등의 트리거(기폭제)를 생각할 시점""이라고 진단했다. 단기 조정이 상당 부분 진행된 만큼 이번 주에는 미국 소비자물가지수(CPI)를 중심으로 대응 전략을 짜야 한다는 분석이다.",경제
"""美, 이란전쟁에도 침체확률 하락. 인플레 전망은 악화""",WSJ 전문가 설문. 12개월내 침체확률 33%25%로 하향 물가상승률은 3%대 지속 전망.,사회/세계|경제
"삼진제약 풀베서드주, 저가 후발의 병용전략 시험","삼진제약이 선택적 에스트로겐 수용체 분해제(SERD) 계열 '풀베서드주'를 낮은 상한금액으로 내놓고 풀베스트란트 후발경쟁에 들어갔다. 풀베서드주는 기존 제네릭(복제약) 대비 15% 낮은 가격으로 등재됐지만, 풀베스트란트 임상 근거가 동일성분 품목에 공통으로 적용돼 효능 차별화를 내세우기 어렵다.",경제
"코스피 폭락 맞힌 보고서의 새 전망. ""코스피 바닥 찍고 1만1450 간다""","""지금은 바닥권"" 진단. AI 투자 계속돼 반도체도 긍정적 최근 코스피 급락을 예견했던 하나증권 투자보고서가 새로운 전망을 제시했다.",경제
"""문도는 강심장의 선택"". 양대인 감독, MVP '제우스'에 보낸 '리스펙'","""'문도박사'를 고른 것은 강심장의 선택이라 봅니다."" '2026 미드시즌인비테이셔널(MSI)' 정상 문턱에서 멈춘 양대인 빌리빌리 게이밍(BLG) 감독이 패배 뒤 한화생명e스포츠와 '제우스' 최우제에게 존중을 표했다. 4세트 '스웨인'과 5세트 문도박사로 승부를 뒤집은 최우제의 결단을 높이 평가하는 동시에 선수들에게는 ""너희들만의 잘못이 아니다""라며 패배의 책임을 함께 짊어졌다.",문화/트렌드
"한화생명, BLG 3대2 승리. 구단 첫 MSI 우승·LCK 롤드컵 4장 확보",한화생명e스포츠가 빌리빌리 게이밍(BLG)을 3대2로 승리하며 구단 역사상 처음으로 '미드시즌인비테이셔널(MSI)' 정상에 올랐다. 앞선 승자조 결승에서 당한 패배를 결승 무대에서 되갚은 한화생명은 LCK의 MSI 3연패를 완성하는 동시에 지난 2022년 부산 대회에서 중국 팀에 내준 안방 우승컵도 되찾았다.,문화/트렌드
강남3구에서 종부세 3분의 1이나 부담. 이재명 정부 고가 주택 초강력 보유세 예고,"강남3구 비중 5년 만에 30%대. 성동구, 영등포 제치고 6위 지난 10일 서울 강남 일대 부동산 중개업소에 관련 상담안내문과 매물표가 붙어 있다.",경제
미-이란 군사적 긴장 속 금값 영향은,10일(현지시간) 미국 금 선물 8월물은 트로이온스당 4113.70달러로 거래를 마쳐 전장보다 약 0.7% 하락했다. 미국·이란 간 군사적 긴장이 재점화되면서 인플레이션과 금리 인상 우려가 다시 커진 점이 금값을 압박하고 있다.,사회/세계|경제
DDP 상생마켓 찾은 시민들,시민들이 12일 서울 동대문디자인플라자(DDP) 어울림광장에서 열린 ‘2026 DDP 상생마켓: 썸머 바캉스 마켓’에서 물건을 고르고 있다. DDP 상생마켓은 동대문 지역 상권과 소상공인이 함께하는 열린 장터다.,경제|라이프
"롯데백화점 대구점, 완도 활전복 산지직송전 진행",롯데백화점 대구점은 오는 15일 초복을 맞아 지하 2층 특설행사장에서 복날 보양식을 제안하는 ‘완도 활전복 산지직송전’을 진행한다고 12일 밝혔다. 오는 16일까지 열리는 이번 행사에서는 청정 바다 완도에서 갓 잡아 올린 신선한 활전복을 한자리에서 만나볼 수 있다.,경제
조건 맞으면 美에도 메모리공장 짓겠다,"다음은 2026년 7월 13일자 이데일리 신문 주요 뉴스다. △1면 “조건 맞으면 美에도 메모리공장 짓겠다” “명품보다 남대문표 패션” 시장 발품파는 MZ부모 삼성전자, 용인 첫 공장 가동시점 2년 앞당긴다 美·이란 종전 MOU 한 달 만에.",IT/과학|사회/세계
② 세계 최초 3나노가 넘지 못한 수율의 벽,삼성전자 파운드리 장기 부진은 기술 경쟁력 부재에서 출발한 문제가 아니었다. 삼성은 세계 최초로 GAA(게이트올어라운드) 구조를 적용한 3나노 공정 생산에 들어가며 선단 공정 경쟁에서 존재감을 드러냈다.,IT/과학
폭염에 비닐하우스서 80대 숨지는 등 전국서 온열질환자 하루 새 5배,폭염으로 충남 천안에서 80대 노인이 비닐하우스 작업 중 숨지는 등 온열질환자가 속출하고 있다. 충남소방본부는 12일 오후 4시 42분쯤 천안시 입장면의 한 비닐하우스 내에서 A씨가 숨진 채 발견됐다고 밝혔다.,사회/세계
서울 아파트 전월세 대란. 빌라 경매시장도 ‘들썩’,"HUG 경매 신청 물건 중 상반기 낙찰, 5672건중 77%가 일반인 낙찰 5월 서울 빌라 전셋값 0.59% 올라. 2012년 10월 이후 최고 상승 올해 전국 비아파트 매매 거래량이 전년 동기 대비 16% 이상 증가한 것으로 나타났다.",경제|사회/세계
"“두달 전 코스피 폭락, 정확히 맞혔다”. 그 보고서, 이번엔 “장기적으로 1만피 넘을 것”","최근 코스피 지수가 급락세를 보이고 있는 가운데, 두달 전 증시 고점을 정확히 예견했던 증권사 보고서가 화제를 모으고 있다. 더욱이 그 보고서를 낸 애널리스트는 최근 “현재 코스피는 기술적으로 완전히 바닥에 도달했다”며 바닥을 다지고 다시 1만 포인트를 돌파할 것이라는 전망을 내놔 눈길을 끈다.",경제
역사적 한정판 된 日 ‘이 과자’. “가치 상승 움직임”,"일본 제과업체 가루비(Calbee)가 나프타 공급 부족으로 도입했던 ‘흑백 포장’을 종료한다. 컬러 포장 복귀 소식에, 소비자들 사이에서는 흑백 포장이 ‘역사적 한정판’이 됐다며 찾고 있어 가치가 올라갈 수 있을 것으로 보인다.",경제|사회/세계
1800원대까지 떨어진 기름값,"전국 주유소 기름값이 8주 연속 하락세를 보이고 있는 12일 서울 마포구의 한 주유소에 유가 정보가 표시돼 있다. 한국석유공사 유가정보시스템 오피넷에 따르면 7월 둘째 주(5~9일) 전국 주유소 휘발유 평균 판매가는 ℓ당 1893원, 경유는 ℓ당 1880.1원으로 집계됐다.",경제
현대차 노조 13일부터 사흘간 부분파업,2000억원대 매출손실 우려 완전 월급제는 내년에 논의 현대자동차 노조가 올해도 임금협상 난항 속에 13일부터 사흘간 부분파업에 돌입하면서 2년 연속 파업을 하게 됐다. 노사는 노동시간 단축과 완전 월급제 도입 등에 대해 추가 논의키로 했지만 입장차는 여전한 상태다.,경제
홈플러스 눈물의 50% 할인에 고객 발길 몰렸지만.,"강서점 찾은 손님들 ‘떨이’ 구매 재고 정리 뒤 회생 여부는 불안 노조, 14일 MBK 부회장과 면담 “일단은 다음주 월요일(13일)도 영업을 하는 걸로 돼 있는데, 정확히 (지침이) 내려온 게 없어서 저희도 잘 모르겠습니다.” 지난 11일 찾은 홈플러스 서울 강서점의 한 직원은 빈 카트들을 옮기느라 흐르는 땀을 연신 닦아내며 이렇게 말했다. 업계에선 대형마트 의무휴업일(12일) 전날인 이날이 홈플러스의 마지막 영업일이 될 수 있다는 얘기가 돌던 터였다.",경제
김용범 실장 “한국경제 장기추세 변화 국면”. 지난해 하반기부터 분위기 달라져,"“자본시장 개혁, 경제 변속기 바꾸려는 것. 국가는 ‘시간’ 공급해야” 김용범 대통령비서실 정책실장이 지난달 24일 서울 중구 프레스센터에서 열린 관훈토론회에서 모두발언을 하고 있다.",정치|경제
"복지부, 기초연금 개편 고심. 16일 '하후상박' 방향 다루나",보건복지부의 오는 16일 업무보고를 앞두고 저소득 노인의 소득보장을 강화하는 '하후상박'형 기초연금 개편 방향이 언급될지 관심이 쏠린다. 저소득층 지원을 강화해야 한다는 큰 방향에는 공감대가 형성됐지만 구체적인 급여 수준과 수급 범위는 정부가 풀어야 할 과제로 남아 있다.,경제|정치
"상속 비율 정해둔 부동산, 생전에 매도. 대법 “유언장대로 매매대금 배분해야”",원심 깨고 ‘유언 효력 인정’ 판결 부모가 자녀들에게 각각 정한 비율로 부동산을 물려주겠다는 유언을 남긴 뒤 생전에 그 부동산을 매도했더라도 기존 유언이 철회된 것으로 볼 수 없다는 대법원 판단이 나왔다. 12일 법조계에 따르면 대법원 3부(주심 노경필 대법관)는 숨진 A씨의 자녀 B씨가 형제들을 상대로 낸 유언효력 확인 소송 상고심에서 원고 패소로 판결한 원심을 깨고 사건을 부산고법으로 돌려보냈다.,경제
올 상반기 육아휴직 10만명 돌파⋯10명 중 4명은 '아빠',올해 상반기 육아휴직급여 수급자가 10만명을 넘으면서 연말까지 수급자 수가 역대 최대치를 기록할 것으로 전망된다. '아빠 육아휴직' 비율은 40%에 육박했다.,라이프|사회/세계
"낮엔 머드에, 밤엔 EDM에 빠진다","24일부터 ‘보령머드축제’ 개최 광장에서 ‘셀프 마사지’ 즐기고 매일 밤 록·EDM 등 야간 공연 개막·폐막 땐 드론라이트쇼도 매년 여름이면 충남 보령시 대천해수욕장에 특별한 풍경이 펼쳐진다. 온몸에 머드를 바르고 환하게 웃는 사람들, 100여개국에서 찾아온 외국인 관광객들, 해변을 가득 메운 함성이 어우러지며 축제의 열기를 더한다.",문화/트렌드|라이프
"‘땡겨요’, 올 상반기 매출 1년 새 2.5배",891억원 기록. 회원도 57% 늘어 저렴한 중개 수수료·페이백 효과 신한은행과 협력해 사업자 지원도 서울 공공배달 애플리케이션(앱)인 ‘서울배달+땡겨요’가 올해 상반기 매출 891억원을 기록했다.,경제
"""평택 투자자들 벌써 움직였다"". 전남광주 반도체 효과에 부동산 '들썩'","정부가 광주 군공항 인근 전남광주 반도체 사업 예정지 일원을 토지거래허가구역으로 지정했지만 이미 지난달 말부터 인근 토지 계약이 다수 진행된 것으로 파악됐습니다. 부동산 시장의 관심이 쏠린 곳은 넓은 농지가 있는 광산구 우산동과 가격이 상대적으로 저렴한 송정동, 인프라가 잘 갖춰진 서구 치평동 등입니다.",경제|IT/과학
"서한, 건설 상호협력평가 10년 연속 대구경북 1위",국토부 '최우수' 등급 획득. 상생경영·워라밸 정책도 잇단 성과 서한이 국토교통부의 ‘2026년 건설사업자 간 상호협력평가’에서 최우수 등급을 획득하며 10년 연속 대구·경북 대기업군 1위에 올랐다.,경제
손가락 두 개로 빨래 ‘칼각’. 몸값 ‘1200만원’ 가사 로봇,"미 위브 로보틱스의 ‘아이작 1’ 이불 정리·장난감 수거도 가능 고난도 작업은 카메라로 조종 높이 조절되고 피부는 직물로 높은 가격대에 시장 평가 주목 미국에서 집안일을 도와주는 로봇이 등장했다. 건조가 끝난 빨래를 개고, 침대에 널브러진 이불을 반듯하게 정리할 수 있다.",IT/과학|사회/세계
코스피·개미계좌 망쳤다는 삼전닉스 2배ETF. 해법 있다는데,최근 코스피가 급등락을 반복하는 ‘롤러코스피’ 장세를 이어가면서 상장지수펀드(ETF) 시장에서 인버스와 레버리지 상품 거래량이 동반 급증하는 현상이 관측된다. 특히 지난 5월 27일 삼전닉스 단일종목 레버리지가 상장된 이후 투기 수요가 몰리면서 국내 증시를 멍들게 하는 ‘독이 든 성배’로 전락했다는 우려의 목소리가 확산하고 있다.,경제
닉스 미 공장 검토·삼전 용인 팹 공기 단축. 메모리 ‘증설 경쟁’,"SK하이닉스, ADR로 확보한 자금 40조원 대부분 국내 설비 투자 삼성전자, 1호 팹 가동 목표 1년 앞당겨. 중국 업체들도 시장 확대 수년 뒤 ‘공급과잉’ 우려도.",경제|IT/과학
일주일 만에 환율 50원 내렸지만. ‘1500원의 벽’ 4분기에나 깨질까,"외국인 리밸런싱 규모 크게 축소 SK하이닉스 ADR 발행도 ‘단비’ 강달러에 3분기 전망도 1506원 1550원대를 넘나든 원·달러 환율이 일주일여 만에 50원 넘게 하락했다. 외국인의 국내 증시 ‘리밸런싱’(자산 재조정)이 끝나가고, SK하이닉스의 미국주식예탁증서(ADR) 발행으로 달러화가 대거 국내로 들어오고 있기 때문이다.",경제
"독과점 이용, 가격 올리고 탈세. 국세청, 114개 업체 3195억 추징","외식(F&B) 프랜차이즈 업체 A사는 제품 가격은 그대로 둔 채 용량만 줄이는 이른바 ‘슈링크플레이션’으로 사실상 가격을 인상했다. 그러나 특수관계법인으로부터 원재료를 고가에 매입해 20여억원 이익을 몰아주고, 점포 개설 지원금과 광고비 등을 과대 반영하거나 계열사 비용을 대신 부담한 사실이 드러났다.",경제
‘상법 개정 1년’ 상장사 84% “이사회 변화. 사내 점검·외부 자문 강화”,“투명성 개선” 긍정적 응답 40% “비용 증가·의사결정 지연” 22% 전자주총·독립이사 준비엔 난항 이사의 충실의무 확대 등 개정 상법이 시행 1년을 맞은 가운데 법 개정 여파로 국내 상장기업들의 이사회 풍경이 급변하고 있는 것으로 나타났다. 이사회의 안건 검토 단계가 깐깐해지고 외부 법률자문이 대폭 늘어나는 등 경영환경 전반에 변화가 뚜렷해졌다.,경제
"""'제우스' 팬이에요"". '애쉬 명사수' 강백호, 한화생명 MSI 우승 지원 사격",야구장에서 홈런과 안타로 팬들을 열광시킨 한화 이글스 강백호가 '리그오브레전드(LoL)' e스포츠 국제대회 결승 무대를 찾았다. '애쉬 세리머니'로 게임 팬들에게도 익숙한 강백호는 한화생명e스포츠의 우승을 응원했다.,문화/트렌드
급여 더 적은데. 여름휴가도 짧은 중기 노동자는 더 서럽다,"대기업 3명 중 2명 ‘5일’, 중기 절반은 ‘3일’. 올해도 양극화 여전 불투명한 경기 전망에.",라이프
"삼성·현대차·신세계 IT 계열사, 잇따라 노조 결성한 까닭","성과급 체계 개선 요구 확산 속 ‘AI 전환’ 따른 고용 불안감도 영향 국내 대기업 정보기술(IT) 서비스·시스템통합(SI) 업체들에서 잇따라 노동조합이 출범하며 그 배경에 관심이 쏠린다. 최근 삼성전자 노조의 성과급 합의 이후 산업계 전반으로 성과급 체계 개선 요구가 확산하는 흐름 속에서, 업무·조직에 인공지능(AI)을 전면 도입하는 ‘AI 전환(AX)’ 과정에 불거진 노동자들의 고용 불안 심리도 노조 출범을 재촉했다는 분석이 나온다.",경제|사회/세계
항공기 지연 피해. 보험 들고도 보상 못 받으면 속 터져,"금감원, 여름 휴가철 앞두고 보장 기준 제각각 여행자보험 약관 확인 권고 최근 해외여행 때 A씨는 귀국 항공편이 지연돼 공항에서 예정보다 5시간가량 더 기다렸다. 항공기 지연 보상 특약을 포함한 ‘여행자보험’에 가입해둔 A씨는 보험금을 청구했으나 거절당했다.",경제|라이프
"카뱅, 몽골서 ‘디지털 금융혁신’ 공유","양국 비즈포럼 참석, 사례 등 발표 인터넷전문은행 카카오뱅크는 최근 ‘한·몽골 비즈니스포럼’에서 디지털 금융혁신 경험을 공유했다고 12일 밝혔다. 윤호영 카카오뱅크 대표이사는 지난 9일 한국 대통령 경제사절단의 일원으로 몽골 울란바타르에서 열린 포럼에 참석해 카카오뱅크가 금융의 시간과 비용, 신용장벽을 낮춰온 혁신 사례를 소개했으며, 대안 신용평가모형과 인공지능(AI) 기술을 활용한 포용금융 경험을 공유했다고 회사 측이 전했다.",경제|IT/과학
리셀가 11만원 '손흥민 컵' 뭐길래⋯내일부터 국내 판매,맥도날드가 2026 북중미 월드컵을 기념해 전 세계에 선보인 '손흥민 컵'이 오는 13일부터 국내에서도 판매된다. 앞서 국내 출시 대상에서 제외된 '손흥민 컵'은 중고거래 시장에서 본래 가격의 10배 가까운 값에 거래되기도 했다.,문화/트렌드
정부 보조금·단거리 노선 실험. ‘전기트럭’ 경쟁력 키우는 중국,1분기 내수 판매 20% 이상 늘어 부족한 배터리 주행거리 등 한계 광산·항만 등 먼저 배치해 해결 충전소 등 장거리 인프라 확충도 한국산 전기트럭 신규등록 감소 전기승용차 시장에서 급성장 중인 중국 업체들이 전기트럭에서도 두각을 나타내고 있다. 정부의 전폭적인 보조금 지원 아래 단거리·고정 노선 중심으로 활용 경험을 늘린 것이 효과를 내고 있다는 분석이 나온다.,IT/과학|사회/세계
"5대 금융지주, 상반기 ‘11조3000억원’ 포용금융 공급했다",취약계층·소상공인 대상 대출 연체채권 소각 등 채무조정도 월 급여 240만원으로 생활하는 30대 A씨는 기존 채무와 낮은 신용도 탓에 대출을 받기 어려웠다. 신한미소재단 영등포지부는 A씨의 사정을 고려해 채무조정 성실상환 이력 등을 종합 심사한 뒤 청년 미래이음대출을 지원했다.,경제
“코 성형 만족” 알고 보니 수술비 할인 ‘뒷광고’,"협찬 안 밝힌 성형외과 3곳 적발 홍보모델에게 금전적 지원을 하고 이를 숨긴 채 온라인에 긍정적인 수술 후기를 올리도록 한 서울 강남·서초 소재 성형외과들이 적발됐다. 공정거래위원회는 12일 모델에게 수술비 할인 등 경제적 대가를 제공하고 의료미용 애플리케이션(앱), 인터넷 카페, 병원 홈페이지 등에 수술 후기를 작성시킨 3개 성형외과에 시정명령을 내렸다고 밝혔다.",라이프
중소·중견기업에 50억원 규모 ‘긴급 바우처’,"산업부·코트라, 수출기업 ‘보호막’ 고환율과 주요국 수출 통제로 대외 통상에 어려움을 겪는 중소·중견기업을 대상으로 산업통상부와 대한무역투자진흥공사(코트라)가 50억원 규모의 ‘2026 긴급 지원 바우처 4차 사업’을 추진한다. 산업부와 코트라는 12일 4차 사업에 참가할 기업을 오는 21일까지 모집한다고 밝혔다.",경제
"5대 은행, 상반기에 가계대출 목표치 80% 소진. 3곳은 이미 초과",지난해 말 대비 3조3907억원 증가 5곳 중 3곳 이미 목표치 넘겨 작년 말 대비 1.3배 늘어난 은행도 주담대 한도 줄이고 모집인 대출 중단 5대(KB국민·신한·하나·우리·NH농협) 시중은행이 올해 상반기에 이미 가계대출 증가 목표치의 80% 가까이 소진한 것으로 나타났다. 특히 올해 연간 목표치를 초과한 은행들도 나오면서 하반기 '대출 절벽'에 가깝게 문턱이 높아질 것이라는 전망이 나온다.,경제
"남동발전, MZ세대·여성 직원들과 격의 없는 대화·소통","상호존중의 건강한 조직문화, 현장 중심 공감대 확산 한국남동발전이 경영진과 현장 직원 사이의 격의 없는 소통을 통한 상호존중과 배려의 일터 만들기에 본격 나섰다. 특히, MZ세대 및 여성 직원들과의 격의 없는 대화를 통해 상호존중의 건강한 조직문화 조성 및 현장 중심의 소통문화 확산에 앞장설 방침이다.",사회/세계|라이프
전용면적 75~166㎡까지 ‘오산헤리티지자이’,"GS건설이 경기 오산시에 ‘오산헤리티지자이’를 분양한다. 오산헤리티지자이는 지상 27층에 22개동, 1783가구 규모다.",경제
신혼희망타운 ‘e편한세상 분당 퍼스트빌리지’,"DL이앤씨가 경기 성남시 분당구에 ‘e편한세상 분당 퍼스트빌리지’를 분양한다. e편한세상 분당 퍼스트빌리지는 신혼희망타운 입주 자격을 갖춘 신혼부부나 결혼 예정자, 한부모 가구가 분양 대상이다.",경제
풍무역 도보 5분 660가구 ‘호반써밋 풍무Ⅲ’,"호반건설이 경기 김포시에 짓는 ‘호반써밋 풍무Ⅲ’를 분양한다. 호반써밋 풍무Ⅲ 부지는 김포시 사우동 458번지 일대로 지상 29층에 8개동, 660가구 규모다.",경제
신차 네 대 중 한 대는 수입차. 친환경 내세워 본격 시장 잠식,5월 신규 등록 승용차 25.8%가 수입차 작년 연평균 20%대. 친환경 덕 급성장 일등공신 테슬라.,경제
"남부발전, 산업안전보건공단과 ‘전력산업 산재예방 안전교육’ 맞손","건설현장 맞춤형 특별점검·방문교육 시행 한국남부발전이 한국산업안전보건공단과 손잡고 전력산업 산재예방·안전교육에 나선다. 산업안전보건공단과 유기적인 협업 체계를 구축하고 건설현장 맞춤형 안전교육 강화, 도급·수급업체 대상 안전보건체계구축 교육 지원 등을 통해 협력사까지 아우르는 자율안전 관리 역량을 구축할 방침이다.",경제
현대건설 '5000억' 실탄 확보. 원전·SMR 신사업 정조준,현대건설이 이자 부담 없이 확보한 5000억원의 대규모 자금을 바탕으로 원자력 발전과 소형모듈원전(SMR) 등 환경·에너지 신사업 전환에 속도를 낸다. 침체된 주택 사업의 한계를 극복하기 위한 체질 개선 작업이 본격화됐다는 평가가 나온다.,경제
"월드컵의 얼굴' 샤키라, 힙 댄스에 담긴 역동·생명력","2026 제19회 머니투데이도전청춘가요제, 월드컵 스페셜 이벤트 '샤키라 댄스 배틀' 2026 FIFA 북중미 월드컵의 열기가 뜨겁다. 7월 12일 현재 프랑스, 스페인, 잉글랜드, 아르헨티나가 4강에 진출했으며, 한국시간으로 7월 15일(수)과 16일(목) 새벽 준결승전, 7월 20일(월) 결승전이 예정돼 있다.",문화/트렌드
"로봇 투입 예고. 현대차 노사, 시급제서 월급제로 변경 논의",임단협 교섭서 연구 용역 추진. 공동 TF 구성 해외 완성차 업계 임금 운용 체계 등 참고 (서울=뉴스1) 현대자동차(005380) 노사가 로봇과 피지컬 인공지능(AI) 등 미래 생산환경 변화에 대응하기 위해 60년 가까이 지속한 기존 시급제에서 월급제로 임금 체계를 바꾸는 것을 논의한다.,경제|IT/과학
"‘음의 복리’ 레버리지, 코스피 뒤흔들다. 거래 90%는 손실","<상> ‘2배 수익’ 유혹에 갇힌 개미 정부가 ‘서학 개미’를 붙잡겠다며 허용한 단일종목 레버리지 상장지수펀드(ETF)가 상장 한 달 반 만에 시험대에 올랐다. 반도체 상승장을 기대하며 몰렸던 자금은 수익률이 크게 엇갈렸고, 충격은 장기 보유에 나선 개인에게 집중됐다.",경제
북항 용역비만 30억 쓰고 랜드마크 땅 10년 방치,"활용안 찾기 번번이 무산. 용역 위한 용역 되풀이 - BPA, 또 10억 용역 발주 - “성과 없을땐 비난 불가피” 부산항 북항재개발 1단계 구역의 앵커시설인 ‘랜드마크’ 부지가 10년 넘게 활용 방안을 찾지 못해 방치되는 가운데 부산항만공사(BPA)가 여러 차례 거액을 들여 용역을 거듭하고도 이렇다 할 결론을 내놓지 못해 예산과 시간만 축냈다는 비판이 거세다.",경제
"트럼프, 애플에 '관세 피하려면 인텔 공장 써라' 압박",도널드 트럼프 미국 행정부가 애플에 인텔 공장을 이용하라고 압박했다는 보도가 나왔다. 뉴시스에 따르면 월스트리트저널(WSJ)은 10일(현지시간) 정부와 기업 관계자들을 인용해 백악관이 지난해 애플과 관세 관련 협상을 하는 과정에서 인텔 공장을 이용하라고 요구했다고 보도했다.,경제|사회/세계|정치
"석유공사·수산자원공단, ‘블루카본 확대·해양생태계 보전’ 맞손",한국석유공사가 한국수산자원공단과 손잡고 블루카본 확대와 해양생태계 보전 등 사업을 추진한다. 석유공사는 거제지역 청년 어업인 대상 친환경 어구도 기부했다.,경제
"전국 종부세 33%, 강남3구가 냈다. 정부는 ‘더 센 카드’ 준비중","강남권 고가주택 쏠림 심화로 지난해 비중 5년 만에 30%대 정부, 부동산 세제개편 앞두고 비거주·초고가 아파트 겨냥해 장특공제까지 재설계 나설 듯 부처토론후 李, 대토론회 주재 지난해 전국 주택분 종합부동산세의 33%를 서울 강남 3구(강남·서초·송파) 납세자가 부담한 것으로 나타났다. 강남권 집값 쏠림 현상이 심화하며 종부세 비중이 5년 만에 다시 30%대에 진입한 것이다.",경제|정치
국민과 부동산 릴레이 토론·업무보고. 李정부 ‘정책 슈퍼위크’,내일~16일 3일 간 부처별로 진행 23일 李 주재 대토론회서 구체화 공급·대출·세금 등 개선 방향 결정 의제 공론화로 국민 수용성 제고 15~21일 업무보고도 투트랙 진행 부동산 정책 공개 토론회가 14일부터 3일 연속 잇달아 열린다. 주택공급·대출·세금 등 부동산 관련 3대 분야의 제도 개선 방향을 정하는 데 국민의 목소리를 반영하겠다는 이재명 대통령의 의중이 실렸다.,경제|정치
월요일 SK하닉 주가 오를까?. 미국선 253만원 찍었는데,"""글로벌 반도체주 투자심리 개선 효과"" 미국주식예탁증서(ADR) 상장을 통해 나스닥에 입성한 SK하이닉스가 첫 거래일부터 10% 넘게 급등하면서 국내 주가의 반등 기대도 커지고 있다. 12일 금융투자업계에 따르면 지난 10일(현지시간) 나스닥에 상장된 SK하이닉스 미국예탁주식(ADS)은 공모가(149달러) 대비 12.76% 오른 168.01달러로 첫날 거래를 마쳤다.",경제
장마철 패션 특가 판매,모델들이 12일 서울 서초구 신세계백화점 강남점에서 장화와 우양산 등 장마철 상품을 소개하고 있다. 신세계백화점은 늦은 장마와 집중호우에 대비해 다양한 장마철 상품을 선보이고 일부 브랜드를 대상으로 특가 판매를 진행한다.,라이프
“HBM4 가격 내년에 두배. 삼전닉스 협상력 우위 계속될 것”,대만 언론 복수 소식통 인용 보도 “HBM4 Gb당 2弗4~5弗 전망 1.5弗 수준 HBM3E도 동반 상승” 인공지능(AI) 인프라 투자 열기 속 최신형 고대역폭메모리(HBM) 가격이 내년 두 배 이상 오를 수 있다는 전망이 나왔다. 엔비디아의 차세대 AI 플랫폼 출하를 앞두고 HBM4 수요가 폭증하는 가운데 생산 병목과 장기공급계약(LTA) 확대가 맞물리며 메모리 업체들의 가격 협상력이 한층 높아지고 있다는 진단이다.,IT/과학|경제
"“AI시대, 생산능력이 국력 팹 증설 늦으면 시장 뺏겨”","김용범, SNS에 생산혁명 강조 김용범 청와대 정책실장이 인공지능(AI) 시대 메모리반도체 공급 부족이 중국 등 후발 주자의 성장을 돕는 결과로 이어질 수 있다며 국내 팹(Fab·반도체 공장) 증설의 속도전을 강조했다. 정부가 1600조 원 규모의 메가 프로젝트를 발표한 후 미국의 자국 내 투자 압박이 커지는 상황에서 대응 논리가 될지 주목된다.",IT/과학|경제
"한은, 16일 금리 0.25%p 인상 유력","한국은행 금융통화위원회가 오는 16일 기준금리를 연 2.50%에서 2.75%로 0.25%포인트(p) 인상할 것이라고 전문가들이 12일 전망했다. 한은이 이번 금통위를 시작으로 본격적인 금리 인상 사이클에 진입, 연내 추가로 한 차례 정도 금리를 더 인상할 가능성이 크다는 데도 큰 이견이 없는 분위기다.",경제
관광 덕 본 백화점. 마트는 ‘홈플 효과’,"유통업계 2분기 실적 훈풍 전망 유통업계의 올해 2분기 성적표는 업태별로 희비가 엇갈릴 전망이다. 12일 업계에서는 롯데쇼핑과 신세계, 현대백화점이 모두 2분기 시장 기대치에 부합하거나 이를 웃도는 실적을 거둘 것으로 본다.",경제
"솔트조이, 산학협력으로 K-해양뷰티 키운다",경성대와 기능성 화장품 개발 부산 해양바이오 전문 벤처기업 ㈜솔트조이가 지역 대학과 손잡고 부산 청정 해양 자원과 바이오 기술을 결합한 기능성 화장품 개발에 나선다. 아울러 프리미엄 브랜드 ‘오로시(OROCE)’ 론칭을 추진하며 글로벌 뷰티 시장 공략을 본격화한다.,경제|라이프
"강원 영서 '장대비, 폭염 반복'","핵심요약 내일까지 100mm 비 예보, 비 그친 뒤 고온다습 날씨 예상 강원 대부분 지역에 폭염 특보가 내려진 가운데 내일까지 영서 북부지역을 중심으로 100㎜ 이상의 장대비가 쏟아질 것으로 예보됐다. 14일 강원기상청에 따르면 이날부터 이틀간 영서와 산간지역으로는 30~80㎜의 비가 오겠다.",사회/세계
폭우 탓만 하기엔 너무 자주 잠겼다,"시흥시 안현교차로 상습 침수에 부쳐 시흥시 안현교차로 침수 모습. 침수로 고립된 차량에서 사람이 구조됐고, 도로는 통제됐다.",사회/세계
"삼성서울병원, 인공와우 2000례 달성. 25년 만",삼성서울병원은 최근 인공와우 수술 2000례를 달성했다고 14일 밝혔다. 인공와우는 달팽이관 기능을 잃은 고도·심도 난청 환자의 청신경을 직접 자극해 소리를 들을 수 있도록 돕는 이식 장치다.,사회/세계
쉐이크쉑 굿즈에 엉터리 태극기 “이런 실수 있을 수 없다”,아랍에미리트(UAE) 쉐이크쉑에서 잘못 그려진 태극기가 그려진 월드컵 굿즈를 제공해 논란이 일고 있다. 서경덕 성신여대 교수는 14일 자신의 사회관계망서비스(SNS)에 아부다비에 거주하는 한인이 제보해줬다며 “현지에서 쉐이크쉑 월드컵 세트메뉴를 구입하며 굿즈가 제공됐는데 태극기가 잘못 그려져 있었다”면서 굿즈 사진을 올렸다.,사회/세계
국제물리올림피아드 한국 전원 금메달. 종합 1위도 차지,콜롬비아 대회서 대표단 5명 모두 금메달 서울과학고 오주하 학생 참가자 종합 1위 국제물리올림피아드와 국제청소년물리토너먼트에 나선 한국 청소년들이 선전하며 금메달을 휩쓸었다. 과학기술정보통신부와 한국과학창의재단은 지난 4∼12일 콜롬비아에서 열린 제56회 국제물리올림피아드에서 한국 대표단 5명이 모두 금메달을 획득했다고 14일 밝혔다.,사회/세계|IT/과학
"분당 정자역서 50대 운전 벤츠 인도로 돌진. 30대 사망, 2명 부상",경기 분당에서 50대 여성이 운전하던 승용차가 인도로 돌진하는 바람에 30대 남성 1명이 사망하는 사고가 발생했다. 경찰이 사고 경위를 조사 중이다.,사회/세계
"화성시, 생성형 AI 행정교육. 공무원 690명 하이메이트 실습",13~21일 생성형 AI·자동화 실습 법령조회·화성in 데이터 활용 교육 경기 화성특례시가 행정 업무에 생성형 인공지능(AI)과 자동화 도구를 적용하기 위해 지난 13일부터 21일까지 공무원 대상 AI 활용 교육을 진행한다. 화성시는 급변하는 정보기술 환경에 대응하고 행정 처리 효율을 높이기 위해 '2026년 공무원 AI 활용 역량 강화 교육'을 운영한다고 14일 밝혔다.,IT/과학
"원주시, 지방자치단체 합동평가 8년 연속 우수기관 선정","도내 유일 성과. 82개 연계지표 중 75개 달성, 달성률 91.4% 강원 원주시는 2026년(2025년 실적) 지방자치단체 합동평가에서 도내 18개 시·군 가운데 우수기관으로 선정됐다고 14일 밝혔다.",사회/세계
"친구 살해 뒤 피투성이 나체로 순찰차 마주쳤는데. 유족 측 ""초동대응 부실""","지난 4일 경북 경산 한 아파트에서 20대 남성이 친구를 무참히 살해한 사건을 두고 피해자 유족 측과 경찰이 공방을 벌이고 있다. 유족 측은 피의자 A 씨가 전신에 피가 묻은 나체 상태로 거리를 활보하던 중 순찰차를 마주쳤는데도 잡지 않았다며 경찰의 초동 대응과 초기 수사가 부실했다고 주장하고 있고, 경찰은 이 같은 주장에 대해 사실이 아니라며 조목조목 반박하고 나섰다.",사회/세계
"종합특검, ‘내란 관여 혐의’ 심우정 전 검찰총장 구속영장 청구","3대 특검(내란·김건희·해병대원) 이후 남은 의혹을 수사하는 2차 종합특검팀(특검팀·권창영 특별검사)이 14일 내란중요임무종사 혐의 등으로 심우정 전 검찰총장, 전무곤 전 대검찰청 기획조정부장(검사장)에 대해 구속영장을 청구했다고 밝혔다.",정치
"양충모 남원시장, 23개 읍면동 현장소통 나선다","13일부터 29일까지 순회 주민 의견 직접 청취 생활불편·지역현안 논의 시민 체감 행정 강화 전북 남원시는 민선9기 출범과 함께 시민과의 직접 소통을 강화하기 위해 오는 13일부터 29일까지 23개 읍·면·동을 순회하며 현장소통 행정을 실시한다. 이번 순회는 시민들의 다양한 의견과 생활 불편사항, 지역 현안을 직접 듣고 시정에 적극 반영하기 위해 마련됐다.",사회/세계
김포 차량서 50대 여성 숨진 채 발견. '피의자 지목' 60대 남성 투신 사망,경기 김포시의 한 도로에 세워진 차량에서 50대 여성이 숨진 채 발견됐습니다. 14일 경찰에 따르면 이날 오전 6시 30분쯤 살인이 의심된다는 신고를 받고 출동한 경찰은 김포시 도로에 주차된 차량 안에서 50대 여성 B씨의 시신을 발견했습니다.,사회/세계
"아이 건널 때 신호 연장. 용인시, 초교 17곳에 ‘스마트 횡단보도’ 설치",경기 용인시는 초등학교 통학로 17곳에 인공지능(AI) 기술을 활용한 ‘스마트 횡단보도 시스템’을 설치한다고 14일 밝혔다. 스마트 횡단보도는 첨단 AI 감지 딥러닝 기술을 통해 보행자와 차량의 움직임을 실시간으로 추적·분석하는 지능형 교통안전 시스템이다.,라이프|IT/과학
"펩트론 ""최호일 대표, 회사지분 1만주 장내매수""",책임경영 강화 펩타이드 기반 신약개발 기업 펩트론 최호일 대표가 장내 매수에 나선다. 최근 비만치료제 관련 논란에 따른 행보로 분석된다.,경제
"""교통약자 특별교통수단 대기 44.6분. 바우처 택시로 단축""",경기연구원 '이동지원 서비스 개선 연구' 발간 대중교통 40% 환급. '장애인 K-패스' 제안도 경기도내 교통약자를 위한 특별교통수단의 만성적인 대기시간을 줄이기 위해 휠체어를 이용하지 않는 승객들을 '바우처 택시(대체수단)'로 분산해야 한다는 제안이 나왔다.,사회/세계
"고양시, 북한산-한강 18.42km 잇는다. '블루웨이' 조성","창릉천 전 구간 수변 개발. 국가하천 승격 최우선 과제 추진 경기 고양시는 북한산부터 창릉천, 행주산성을 거쳐 한강으로 이어지는 18.42km 구간에 '고양 블루웨이'를 조성한다고 14일 밝혔다.",사회/세계
절도 현장에서 'V'하며 찰칵. 셀카 촬영한 도둑 덜미,"미국에서 약 1억 5000만원 상당의 물품을 훔친 절도범이 범행 도중 직접 촬영한 셀카 때문에 경찰에 붙잡히는 황당한 일이 벌어졌다. 캘리포니아포스트 등 미국 매체들에 따르면 지난 6일(현지시간) 캘리포니아주 아메리칸캐니언의 한 사업장에서 약 10만 달러(약 1억 5000만원) 상당의 공구와 구리 전선, 차량 등이 절도 피해를 당했다.",사회/세계
"강풍에 막힌 뱃길, 드론이 뚫었다. 제주 가파도 환자에 긴급 의약품 배송",기상악화로 선박·헬기 운항 중단. 119 접수 드론 긴급 투입 드론 배송 시스템 섬 지역 응급의료 사각지대 해소 강풍으로 배와 헬기가 모두 묶인 제주 가파도에서 지병으로 약이 떨어진 관광객에게 드론이 긴급 의약품을 실어 날랐다.,사회/세계
"김경호 광진구청장, '학교앞 소통' 지속. ""방학 전 18개 초등학교 찾는다""","22일까지 관내 초등학교 18곳 순회 방문 (서울=뉴스1) 김경호 광진구청장이 민선9기에도 '학교앞 소통'을 이어가며 교육 현장의 목소리를 듣는다. '학교앞 소통'은 구청장이 등교 시간에 맞춰 학교를 찾아 학생과 학부모, 교직원 등을 만나 교육환경과 통학 안전에 관한 의견을 듣고 개선이 필요한 사항을 직접 살펴보는 현장 소통 프로그램이다.",사회/세계
"특검, 심우정 전 검찰총장·전무곤 검사장 구속영장 청구","특검, 심우정 전 검찰총장·전무곤 검사장 구속영장 내란 중요임무종사·직권남용 권리행사방해 혐의 자세한 뉴스가 곧 이어집니다.",정치
금 맡기기만 하면 돈 벌게 해줄게. 100억대 금 투자 사기 종로 금은방 업주 구속영장 발부,서울중앙지법 “도망 염려” 자금 사용처·공범 여부 수사 100억원대 금 투자 사기 혐의를 받는 서울 종로구 금은방 업주가 구속됐다. 서울중앙지방법원은 지난 13일 특정경제범죄 가중처벌 등에 관한 법률상 사기 혐의를 받는 금은방 업주 A씨에 대한 구속영장을 발부했다.,사회/세계
남해고속도로 달리던 화물차서 불. 운전자 긴급 대피,"오늘(14일) 오전 8시 54분쯤 경남 진주시 진성면 남해고속도로 부산 방향 진주2터널 부근을 달리던 25t 화물차에서 불이 났습니다. 이 불로 화물차가 일부 탔고, 진화 작업으로 4개 차선 가운데 1개 차선이 통제됐습니다.",사회/세계
"법무법인 세종, SK하이닉스 美 ADR 상장 법률 자문 맡아","법무법인 세종(오종한 대표변호사)은 14일 SK하이닉스가 미국 나스닥 시장에 ADR(미국 주식 예탁증서)을 상장하는 거래에 법률 자문사로 참여해 전 과정에 법률 자문을 맡았다고 밝혔다. 세종은 이번 ADR 상장과 관련해 거래 구조와 일정 검토, 관련 법적 이슈 분석, 규제 당국 신고 및 협의, 발행 회사 법률 실사, 미국 연방 증권거래위원회(SEC)에 제출하는 ‘Form F-1’ 검토, 증권신고서·증권발행신고서 및 국내 공시 검토, 인수 계약서 및 예탁 계약 검토 등 관련 법률 자문을 폭넓게 수행했다.",경제
인천 영종도 일대 정전으로 2만5000여 세대 피해,인천 영종도 일대에서 정전으로 2만5000여 세대가 피해를 봤다. 14일 인천시와 한국전력공사에 따르면 전날 오후 5시16분쯤 인천 영종구 영종동 일대에서 정전이 발생했다.,사회/세계
포항 8일·대구 3일째 열대야. 오후부터 곳곳 비,"대구와 경북 전역에 낮에는 가마솥더위가, 밤에는 푹푹 찌는 열대야가 수일째 지속되고 있다. 14일 대구지방기상청에 따르면 밤사이 기온이 충분히 떨어지지 않아 밤최저기온이 25도를 웃도는 열대야 현상이 대구와 경북 곳곳에서 관측됐다.",사회/세계
"시흥시, 992억원 증액 2회 추경안 편성. ""서민 경제 회복 중점""",경기 시흥시는 올해 1회 추가경정예산 1조8천462억원보다 992억원(5.4%)을 증액한 1조9천454억원 규모의 2회 추경안을 편성해 시의회에 제출했다고 14일 밝혔다. 민선 9기 들어 처음 편성한 이번 추경안은 서민 경제 회복과 취약계층 복지 지원 등에 중점을 뒀다.,사회/세계
"경남테크노파크, 첨단 제조로봇 실증사업 본격 착수",전국 최다 9개 과제 선정. 32억9천만원 투입해 제조현장 자동화 지원 경남테크노파크(경남TP)는 제조로봇기술센터에서 '2026년 경남 첨단제조로봇 실증사업' 착수회의와 사업수행 설명회를 갖고 사업을 본격 추진한다고 14일 밝혔다.,경제|IT/과학
연극 '베니스의 상인' 울산서 본다. 박근형·이상윤 출연,9월4~5일 울산문화예술회관 대공연장서 공연 울산문화예술회관은 9월4~5일 대공연장에서 기획공연으로 연극 '베니스의 상인'을 선보인다고 14일 밝혔다. '베니스의 상인'은 영국의 대문호 윌리엄 셰익스피어의 대표 희곡을 현대적 시각으로 재해석한 작품이다.,문화/트렌드
지적장애인 유인해 캄보디아 범죄조직에 넘긴 20대 징역형,심한 지적장애인을 돈벌이로 유인해 캄보디아 로맨스스캠 범죄조직에 넘긴 20대에게 징역형이 선고됐다. 대구지법 형사12부(부장판사 정한근)는 국외이송유인 등 혐의로 기소된 A(27)씨에게 징역 4년을 선고했다고 14일 밝혔다.,사회/세계
"광진구의회, 국립서울현충원 참배로 제10대 의정 출발","서울 광진구의회가 국립현충원 참배로 제10대 의정의 출발을 알렸다. 광진구의회는 지난 13일 서울 동작구 국립서울현충원을 찾아 순국선열과 호국영령의 숭고한 뜻을 기리고, 구민에게 신뢰받는 의정을 만들겠다는 의지를 다졌다고 14일 밝혔다.",사회/세계
아산시 삼전 온양사업장 증설 연내 착공 지원 '잰걸음',"지원 추진단 출범. 재해영향평가 대폭 단축 등 검토 충남 아산시가 113조 원 규모의 삼성 투자 효과를 극대화하기 위해 지원 추진단을 출범, 지난 13일 첫 회의를 갖고 본격 가동에 돌입했다.",사회/세계
"창녕군, 야간관제 사각지대 해소 CCTV 태양광 큐브형 LED 안내판 도입","야간 범죄 취약지역 3개소 설치 창녕군은 지난 9일 2026년 방범용 및 지능형 CCTV 설치사업의 일환으로 야간 범죄 취약지역 3개소를 선정해 'CCTV 태양광 큐브형 LED 안내판'을 설치했다고 밝혔다. 안내판이 설치된 곳은 창녕읍 옛 공설운동장 입구, 술정리 서 삼층석탑 입구와 영산면 영산정류소 주변이다.",사회/세계
"재료연, 오랜 쓸수록 성능 떨어지는 수소 촉매, 3,000시간 버티는 고내구 백금-니켈 수전해 촉매 기술 개발","원자 배열 제어로 니켈 용출 억제 통해 3,000시간 버틴 고내구 수전해 촉매 구현 한국재료연구원(KIMS, 원장 최철진) 에너지·환경재료연구본부 최승목 박사 연구팀이 국립부경대학교 서민호 교수 연구팀, 포항공과대학교 김원배 교수 연구팀과 공동으로, 음이온교환막 수전해(AEMWE) 촉매의 수명을 떨어뜨리는 핵심 원인인 니켈(Ni) 용출을 원자 배열 제어로 억제하는 고내구 백금-니켈(PtNi) 수소발생 촉매 기술을 개발했다. 이번 성과는 오래 사용할수록 성능이 떨어지는 수전해 촉매의 고질적 한계를 원자 수준에서 해결하고, 실제 수소 생산 장치에 가까운 규모에서 3,000시간을 장기 운전한 후에도 성능 저하 2% 미만을 달성한 것이다.",IT/과학
북한산~한강 잇는 '고양 블루웨이' 시동. 창릉천 국가하천 승격 추진,창릉천 18.4㎞ 수변축 조성. 행주산성·한강 연결 관광벨트 구축 친수정원 조성 거쳐 국가정원 지정 목표.,문화/트렌드|정치
"경찰, 홍명보 선임 의혹 첫 참고인 조사. 전력강화위원·고발인 소환",홍명보 전 축구 국가대표팀 감독 선임 의혹을 수사 중인 경찰이 14일 당시 대한축구협회 전력강화위원과 고발인을 잇달아 불러 조사한다. 서울경찰청 광역수사단 금융범죄수사대는 이날 오전 전력강화위원을 지낸 A씨를 참고인 신분으로 소환한다.,사회/세계
홍천찰옥수수축제 17일 개막. 워터파크·체험·공연 다채,무더위 쉼터 등 편의시설 대폭 강화. 방문객 이벤트 풍성 강원 홍천군은 오는 17∼19일 도시 산림공원 토리숲에서 '제30회 홍천찰옥수수축제'를 연다.,라이프
"절로 두 손을 모으게 되는, 지리산에 뜬 엄청난 무지개",함양군 휴천면 엄천강 하늘에 펼쳐진 장관. 이번 장마는 무사히 지나가길 간절히 기원합니다 【오마이뉴스의 모토는 '모든 다'입니다.,라이프
안산 하수처리장 비리 공무원·브로커 검찰 송치,"경기 안산시 하수처리장 내 바이오 가스시설 사업 수주를 둘러싸고 뇌물을 주고받은 공무원과 브로커, 사업가들이 경찰에 적발됐습니다. 경기남부경찰청 반부패·경제범죄수사대는 특정범죄 가중처벌 등에 관한 법률 위반(알선수재) 혐의로 지난 5월 브로커 60대 A 씨를 구속해 수원지검 안산지청에 송치했다고 오늘(14일) 밝혔습니다.",사회/세계
"김현수 하동군수 ""군민·관광객 안전하게 폭염·폭우 대응""","경남 하동군은 기록적인 폭염이 이어짐에 따라 지난 13일 김현수 군수 주재로 긴급 폭염대책회의를 열고 분야별 대응 상황을 점검했다고 14일 밝혔다. 이날 회의에는 전 부서장과 13개 읍·면장이 참석해 폭염 취약계층 보호, 무더위쉼터 운영, 건설현장과 야외근로자 안전관리, 농·축·수산 분야 피해 예방, 온열질환 감시체계 운영 등 폭염 대응 대책을 점검했다.",사회/세계
김현지 불륜·혼외자' 허위 보도 혐의. 인터넷 송치,前 극스카이데일리 출신. 지난 5월 송치 김현지 대통령비서실 제1부속실장에 대한 불륜·혼외자 출산설 등 허위 사실을 보도해 명예를 훼손한 혐의를 받는 보수 성향 인터넷 매체 발행인이 검찰에 넘겨졌다.,사회/세계
파주 전자제품 창고 화재로 14개 동 불타. 인명피해 없어,야간 창고 화재에 대응 1단계 발령. 소방 61대·140명 투입 경기 파주시 상지석동의 한 전자제품 판매업 창고에서 발생한 대형 화재로 창고와 인근 근린생활시설 등 건물 14개 동이 불에 탔다.,사회/세계
"호치민시한국국제학교, 초·중·고 연계 SW해커톤 실시. '초등의 꿈, 중등의 열정, 고등의 나눔이 한자리에'","호치민시한국국제학교는 지난 11일 '모두를 위한 기술, 더 나은 일상'을 주제로 '2026 초·중·고 연계 SW해커톤 캠프'를 실시했다. 캠프에는 초등학생 12명, 중학생 14명, 고등학생 멘토 26명, 행사 진행 도우미 8명 등 총 60명의 학생이 참여했다.",사회/세계
"""기지촌에서 열심히 살아가려 했던 사람들. '치유'의 공간이 되길 바라요""","동두천옛성병관리소철거저지를위한공동대책위원회 공동집행위원장, 경기북부평화시민행동 활동가 최희신 활동가 인터뷰 프로젝트 〈변화를 만드는 사람들〉 은 공익활동가의 지역·영역·세대를 잇는 사회적 지지와 연대의 플랫폼, 2026 공익활동가주간과 함께합니다. 공익활동, 캠페인의 성과보다 그 일을 한 활동가 개인의 이야기에 시선을 맞추는 이 프로젝트는 다양한 지역과 분야에서 자기만의 방식으로 변화를 위해 노력하는 활동가들을 직접 만나 이들의 일과 삶을 기록합니다.",사회/세계
"서울 관악구, 통합돌봄 본격 추진. 민·관 협력·체계 구축 박차","통합돌봄 전담 조직 신설 및 21개 동 지원창구 설치로 접근성 향상 관악형 특화 서비스 8종 개발해 돌봄 제도 틈새 메우기 집중 7~8월 집중 홍보·발굴 기간 운영해 돌봄 사각지대 대상자 발굴 강화 서울 관악구(구청장 박준희)가 지역 내 돌봄 안전망을 강화하기 위해 '관악형 통합돌봄' 사업을 본격적으로 추진하고 있다고 14일 밝혔다. 구는 올해 상반기 동안 통합돌봄 체계 구축, 조직개편, 민·관 협력 강화 교육, 서비스 안내서 개정·배포 등 다양한 기반 조성 작업을 마쳤다.",사회/세계
“육아휴직 내놓고 효도관광 간대요”. 5개월 아기 둔 부부의 갈등,생후 5개월 아기를 돌보려 육아휴직을 신청한 남편이 유럽 여행을 떠나겠다고 통보해 고민이라는 아내의 사연이 전해졌다. 14일 온라인 커뮤니티에 따르면 최근 ‘5개월 아기 두고 남편이 시모랑 유럽 간다는데 이해 가능?’이라는 제목의 게시물이 올라왔다.,라이프
"50대女 몰던 벤츠, 버스 들이받고 인도 돌진. 보행자 1명 사망",성남시 분당구 정자역 인근 도로에서 승용차가 인도로 돌진해 보행자 1명이 숨졌다. 14일 오전 6시51분 경기 성남시 분당구 정자역 인근에서 50대 여성이 몰던 벤츠 승용차가 마을버스를 들이받은 뒤 인도로 돌진하는 사고가 발생했다.,사회/세계
"부산 스타트업, ‘사우나+바다’ 웰니스 실험 통했다","사사사, 커뮤니티 브랜드 확장 시동 임랑해수욕장서 체험형 행사 성료 참가권 하루 만에 매진. 100명 참여 전국 라이프스타일 플랫폼 도약 추진 부산창조경제혁신센터 투자기업인 사우나 라이프스타일 브랜드 ‘사사사(SASASA)’가 사우나와 바다, 음악을 결합한 체험형 웰니스 콘텐츠를 선보이며 커뮤니티 기반 라이프스타일 브랜드로의 확장 가능성을 입증했다.",사회/세계
광명시 '기후의병' 2만명 돌파 임박. 특별 이벤트,"탄소중립 실천 207만건·온실가스 917t 감축 성과 경기 광명시는 시민 참여형 탄소중립 실천 사업인 '기후의병 탄소저금통' 가입자 2만명 돌파를 앞두고 특별 이벤트를 진행한다고 14일 밝혔다. 2만번째 가입자에게 탄소저금통 3만 포인트를 지급하고, 1만9천999번째와 2만1번째 가입자에게는 각각 1만 포인트를 제공한다.",사회/세계
"횡성군, 농공단지 제조기업 물류비 최대 500만원 지원",31일까지 신청 접수. 경영 부담 완화 기대 강원 횡성군이 농공단지 입주 제조기업의 물류비 부담을 줄이기 위해 '2026 물류비 지원'에 나섰다고 14일 밝혔다.,사회/세계
"켄텍 학부생들, 지역·전국 창업무대서 ‘통했다’",대학 자체 ‘창업교육’ 기반. ICT·인공지능 분야서 성과 ‘모두의창업’ 등 각종 창업지원프로그램서 잇따라 선정 한국에너지공과대학교(켄텍) 학생들이 올들어 전국 및 지역 단위 창업지원사업에서 잇따라 선정됐다.,IT/과학
"민형배 전남광주특별시장, 14일 첫 국무회의 참석",민형배 전남광주통합특별시장이 14일 청와대에서 열리는 국무회의에 처음으로 배석한다. 민 시장은 이날 오전 10시 청와대 본관에서 열리는 국무회의에 참석할 예정이다.,정치
구치소 공사 작업자가 수용자에 담배 전달. 제보로 발각,인천구치소에서 외부 작업자가 수용자에게 반입 금지 물품인 담배를 전달해 교정 당국이 조사에 나섰습니다. 13일 인천구치소에 따르면 지난달 19일 미추홀구 인천구치소 증축 공사 현장에서 외부 작업자가 구치소 창문을 통해 수용자에게 담배를 건넨 것으로 파악됐습니다.,사회/세계
한화모멘텀과 이차전지 산업 금융지원 협약 등,BNK경남은행은 한화모멘텀과 '첨단전략 이차전지 산업 발전을 위한 금융지원 업무협약'을 체결했다고 14일 밝혔다. 김태한 BNK경남은행장은 창원시 성산구에 있는 한화모멘텀을 방문해 홍순재 대표와 협약을 맺고 이차전지 산업 경쟁력 강화와 지속 가능한 산업 생태계 조성을 위한 협력에 뜻을 모았다.,경제|IT/과학
"재심 위한 확정기록 열람·복사, 9월부터 수수료 면제",억울한 유죄판결을 바로잡기 위해 재심을 청구하는 국민은 오는 9월부터 재판이 확정된 형사사건 기록을 무료로 열람하거나 복사할 수 있게 된다. 제주4·3사건과 5·18민주화운동 등 과거사 사건의 재심 청구권자도 수수료 면제 대상에 포함됐다.,사회/세계
천안 K-컬처 박람회 D-50. 4대 전시·1차 라인업 공개,충남 천안시는 '2026 천안 K-컬처 박람회' 개막 50일 앞두고 주요 콘텐츠를 확정하며 본격적인 개최 준비에 돌입했다고 14일 밝혔다. 천안시에 따르면 오는 9월 2일부터 6일까지 독립기념관에서 열리는 박람회의 성공적인 개최를 위해 4대 핵심 전시·체험 프로그램과 1차 공연 라인업을 확정했다.,문화/트렌드|라이프
태풍은 소멸했는데 폭우는 온다. '바비' 비구름 저녁부터 중부 덮친다,"기상청 ""시간당 최대 50mm 집중호우"". 저지대 침수·간판 낙하 위험 중국에서 약 240만 명을 대피시킨 제9호 태풍 '바비'의 잔여 비구름이 14일 한반도로 밀려들면서, 기상청은 중부지방을 중심으로 이날 저녁부터 내일 새벽 사이 강풍을 동반한 집중호우를 예보했다.",사회/세계
17년째 한 끼 아껴' 화순전남대병원 저소득층 아동에 5억 기부,초록우산에 '한 끼의 나눔' 후원금 4842만원 전달 (화순=뉴스1) 화순전남대학교병원 임직원들이 17년째 지역 저소득층 아동을 위한 정기 기부 캠페인을 이어가고 있다. 14일 화순전남대병원에 따르면 병원 임직원들은 지난 10일 초록우산 전남지역본부에 '한 끼의 나눔' 캠페인 후원금 4842만 원을 전달했다.,사회/세계
"교권침해 피해 교사, 학부모 사과문 받은 뒤 아동학대 고소당했다","정상적인 수업이 힘들 정도로 학부모에게 폭언, 위협성 발언을 들은 교사가 교권보호위원회를 찾아갔지만 오히려 학부모로부터 아동학대 고소를 당하는 일이 생겼습니다. 오늘(13일) MBC 보도에 따르면 초등학교 2학년 교사 A씨는 학생을 생활지도했다가 학부모 B씨로부터 폭언을 들었습니다.",사회/세계
폭염 속 인천 영종도 대규모 정전. 밤샘 복구 돌입,무더위 속 인천 영종도 일대에 전력 공급이 끊겨 주민들이 큰 불편을 겪었다. 13일 한국전력공사와 인천소방본부에 따르면 이날 오후 5시 16분쯤 인천 영종구 영종하늘도시 일대에 정전 사고가 발생했다.,사회/세계|라이프
파주시 상지석동 창고 화재. 소방 대응 1단계,오늘(13일) 오후 10시9분쯤 파주시 상지석동의 전자제품 판매 창고에서 화재가 발생했다는 신고가 접수됐습니다. 소방은 화재 확산 우려에 신고 접수 20분 만인 오후 10시 29분 대응 1단계를 발령했습니다.,사회/세계
경기 파주 전자제품 창고서 불‥3시간 반만에 큰 불 잡아,"오늘(13일) 밤 10시쯤 경기 파주시 상지석동의 한 전자제품 창고에서 불이 났습니다. 이 불로 창고 건물 12개 동이 불에 탔지만, 다친 사람은 없었습니다.",사회/세계
"침수 막고 더위 식히고. 군포시, 여름 안전대책 가동","차수판·역지변 설치, 침수감지 장치 도입 16일∼8월17일 야외 물놀이터 무료 운영 경기 군포시가 본격적인 여름철을 맞아 집중호우와 폭염 피해를 줄이기 위한 '여름철 종합대책'을 가동했다. 시는 침수 우려 지역과 폭염 취약계층을 중심으로 빗물받이 점검, 반지하 가구 차수판 설치, 무더위 그늘막 확대, 야외 물놀이터 운영 등을 추진한다고 13일 밝혔다.",사회/세계
부산항발 '컨' 운임 10주 만에 하락. KCCI 4318p·SCFI 3184p,"부산항발 컨테이너 운임지수가 10주 만에 하락세로 돌아섰다. 미주와 유럽, 지중해 등 대부분 원양 항로 운임이 조정을 받으면서 상승 흐름이 꺾였지만 유럽 항만 혼잡과 중동 지역의 지정학적 불확실성 등은 운임 하단을 지지하는 요인으로 작용했다.",사회/세계
"“시선 처리 이상해”. ‘AI 안경’ 끼고 국가자격시험 본 40대男, 딱 걸렸다","검찰, AI 안경 부정행위 약식기소 국가기술자격 시험 응시자가 인공지능(AI) 기술이 탑재된 안경을 이용해 부정행위를 저지르다 적발돼 재판에 넘겨진 사례가 처음 확인됐다. 최근 국가자격시험은 물론 토익 등 각종 시험에서도 AI 안경을 이용한 부정행위가 잇따라 적발되면서 시험 관리 체계 전반에 대한 보완 필요성이 커지고 있다.",IT/과학
"트럼프, 호르무즈 ‘통행료’ 20% 받는다. “이란 봉쇄 재개”","“美 ‘호르무즈의 수호자’로 불릴 것 해협 통과하는 화물 총액의 20% 안전-보안 유지비용으로 받겠다” 도널드 트럼프 미국 대통령이 호르무즈 해협의 안전을 보장하는 대가로 선적화물 총액의 20%를 받겠다고 밝혔다. 트럼프 대통령은 13일(현지 시간) 자신의 트루스소셜에 “호르무즈 해협은 개방돼 있으며, 이란이 있든 없든 앞으로도 계속 개방된 상태를 유지할 것”이라고 밝혔다.",사회/세계
"국립순천대, '국립의대 신설·지원방안' 제안 '거부'","대학본부·의대 목포 집중은 동부권 쇠락 초래 순천 본부·의대 배치와 단계적 병원 설립 요구 국립순천대학교가 전남광주대전환기획위원회의 '국립의대 신설 및 지원방안' 제안을 최종 수용하지 않기로 했다. 순천대는 13일 입장문을 통해 ""그동안 전남·광주의 상생 발전과 도민의 생명권 보장을 위해 국립 의과대학 신설 논의에 책임감을 갖고 참여해 왔으나, 7월2일 대전환기획위원회가 제안한 방안은 심대한 우려를 낳고 있다""며 ""이 제안은 수용할 수 없다""고 밝혔다.",사회/세계
파주 전자제품 창고서 불. 대응 1단계 진화 중,13일 오후 10시 9분께 경기 파주시 상지석동의 한 전자제품 창고 건물에서 불이 났다. 현재까지 인명피해는 없는 것으로 전해졌으나 검은 연기가 치솟고 불길이 빠르게 확산하고 있다.,사회/세계
"부모 배상·점주 선처에도. 발달장애인 2명, 아이스크림 나눠 먹다 ‘특수절도’ 송치","부모 사과·10만원 배상, 점주도 “처벌 원치 않는다” 검찰은 기소유예. 가족들 “직권남용” 고발 예고 경찰 “법리상 불송치 어려워.",사회/세계
통합의대 무산 위기. 목포대 '동의'·순천대 '부동의'(종합),"순천대 ""편향된 제안 수용 불가. 통합 대학 본부·의대, 순천에"" 양 대학 의견 엇갈려 특별시 절충안 폐기될 수도 형민우 전남광주 숙원인 국립 의과대학 신설을 전제로 한 목포대학교와 순천대학교의 통합이 무산 위기에 놓였다.",사회/세계
1500원 아이스크림 나눠 먹은 발달장애인 2명. 특수절도 송치 논란,"30대 중증 발달장애인 2명이 편의점에서 1500원짜리 아이스크림 한 개를 계산하지 않고 나눠 먹은 것을 두고 경찰이 이들을 특수절도 혐의로 검찰에 송치했다. 발달장애인 가족들이 편의점 측에 사과와 배상을 했고, 점주도 처벌을 원치 않는다는 의사를 밝혔지만, 경찰은 어쩔 수 없었다는 입장이다.",사회/세계
"천안시 두정평생학습관, ‘팩트체크! 재무관리는 이렇게’ 강좌 수강생 모집",14일부터 수강생 신청 접수 강좌 매주 1회씩 총 10회 진행 각 분야 전문가들로 강사진 구성 천안시에서 운영하는 두정평생학습관이 천안시민 대상으로 ‘팩트체크! 재무관리는 이렇게’를 주제로 재무관리 능력 향상 지원을 위한 강좌를 개설하고 14일부터 수강생 신청을 접수한다.,사회/세계
정이한 자작극' 후폭풍. 국민의힘·개혁신당 충돌에 진보당까지 가세,"박형준 측 ""본질은 개혁신당 공천 책임"" 개혁신당 ""국민의힘 단일화 접촉 규명해야"" 정이한 전 개혁신당 부산시장 후보의 '피습 자작극' 파문이 정치권 전반으로 확산하고 있다. 국민의힘과 개혁신당이 자작극 책임과 선거 당시 단일화 논란을 놓고 맞서는 가운데 박형준 전 국민의힘 부산시장 후보 선거대책위원회와 진보당도 개혁신당의 공천 책임을 거론하며 비판에 가세했다.",정치
30대 교사가 제자에 신체 노출 영상 요구. 성착취물 제작 혐의 수사,"SNS 통해 영상 전송 요구·31차례 부적절 메시지 지난해 12월 직위해제. 검찰, 불구속 상태로 수사 진행 제자에게 부적절한 영상을 요구하고 성착취물을 제작한 혐의를 받는 고등학교 교사가 검찰에 넘겨졌다.",사회/세계
경기도소방 출범 이후 첫 자체 승진 여성 소방정. 허선경 임명,박정훈 소방준감 등 승진자 6명 임명장 여성 소방공무원 1700명. 전체의 약 15% 추미애 경기도지사는 13일 도청 집무실에서 박정훈 소방준감과 허선경·문충락·서의석·조재관·이용석 소방정 등 승진자 6명에게 임명장을 수여했다.,정치|사회/세계
"인천 영종도 대규모 정전, 5시간 만에 대부분 복구(종합2보)",인천 영종도 영종하늘도시 일대에 대규모 정전이 발생했다가 현재 대부분 지역에서 전력 공급이 재개된 것으로 확인됐다. 13일 한국전력 인천본부에 따르면 이날 오후 10시30분 기준 정전된 2066호 중 81호를 제외한 대부분 건물에 전력 공급이 이뤄지고 있다.,사회/세계
"""싸워"" 홍명보·치맥 젠슨황까지. 의정부고 졸업사진 또 터졌다",한 해 이슈 총망라. 졸업사진 전통 한 해의 주요 이슈를 졸업사진에 담는 전통을 이어오고 있는 경기 의정부고등학교 3학년 학생들의 졸업사진이 올해도 공개됐다.,정치
38억 피해 ‘노쇼 사기’ 캄보디아 범죄조직원 24명 전원 실형,215명 속여 6개월간 편취. 검찰 “피해 회복 없어 양형 부당” 항소 캄보디아를 거점으로 이른바 ‘노쇼 사기’를 벌여 국내 소상공인 등으로부터 약 38억원을 가로챈 범죄조직원 24명 전원이 1심에서 실형을 선고받았다.,사회/세계
‘학폭 논란’ 황영웅 주말극 OST 참여에. 시청자 2000여명 “반대 청원”,과거 학교폭력(학폭) 시비로 방송에서 하차했던 가수 황영웅의 지상파 복귀를 두고 또 한번 논란이 일고있다. 13일 KBS 시청자청원 게시판에 따르면 황영웅의 KBS 2TV 주말드라마 ‘사랑을 처방해 드립니다’ OST 참여 철회를 요구하는 청원이 게시 이틀 만에 2100명 이상의 동의를 얻었다.,문화/트렌드|사회/세계
1500원 아이스크림 계산 없이 나눠 먹고 '검찰 송치'된 발달장애인들,"경찰, 특수절도 혐의 적용해 검찰 송치 가족들 '반발'. 경찰 '불가피했다' 입장 편의점에서 1,500원짜리 아이스크림 한 개를 계산하지 않고 나눠 먹은 발달장애인 2명을 경찰이 특수절도 혐의로 검찰에 송치한 사실이 알려지면서 논란이 일고 있다.",사회/세계
"고용노동부 ""호남 반도체 투자, 단체교섭·쟁의 대상 아니다""","""경영상 결정 자체는 교섭·쟁의 대상 안 돼"" ""이행 과정서 근로조건 변동 땐 교섭 가능"" 고용노동부가 삼성전자 초기업노동조합이 '호남 반도체 프로젝트'를 단체교섭 의제로 다루겠다고 밝힌 데 대해, 기업의 투자나 공장 증설 같은 경영상 결정 자체는 노란봉투법상 교섭 대상이 아니라는 입장을 내놨다. 노동부는 13일 보도설명자료를 내고 ""기업 투자, 공장 증설 등 사업 경영상의 결정 자체는 근로조건에 실질적·구체적인 영향을 미친다고 보기 어렵다""며 ""개정 노동조합법(노란봉투법)상 단체교섭 및 노동쟁의 대상에 포함되지 않는다""고 설명했다.",경제|IT/과학
"전주세계소리축제, 차세대 판소리 소리꾼 5명 홍보대사 위촉","‘젊은판소리 다섯바탕’ 선발 소리꾼 축제 홍보·전통예술 가치 확산 앞장 전주세계소리축제가 미래 판소리를 이끌어갈 차세대 소리꾼 5명을 홍보대사로 위촉하며 전통예술의 가치 확산과 젊은 예술인 육성에 나섰다. 전주세계소리축제는 소장, 최광균, 이수현, 고한돌, 박시본 등 차세대 판소리 소리꾼 5명을 ‘2026 전주세계소리축제’ 홍보대사로 위촉했다고 13일 밝혔다.",라이프
장애인인권연대 “전주 고교 장애학생 성폭력 의혹 전면 재조사를”. 교육당국 “매뉴얼대로 조치”,"“부실 조사·축소 의혹 규명해야” 학폭위 연기 촉구 경찰 성폭력 혐의 무혐의, 교육청 “결과 지켜볼 것” 전북 전주 지역 한 고등학교에서 장애 학생을 대상으로 한 성폭력과 학교폭력 의혹을 둘러싸고 장애인인권연대가 전면 재조사와 학교폭력대책심의위원회 연기를 촉구했다. 교육 당국은 매뉴얼에 따라 대응했으며 학폭위 절차를 지켜보겠다는 입장이다.",사회/세계
"경북도, K푸드테크 선도지역으로 거듭나. 산업부 공모 선정",경북도는 산업통상부 주관 '2026년 로봇 플래그쉽 지역거점 구축사업' 공모에 선정됐다고 13일 밝혔다. 이에 따라 도는 총사업비 19억원을 들여 식품로봇 실증 거점 구축에 나선다.,경제|IT/과학
"전주시, 스페인서 비빔밥 유네스코 인류무형문화유산 등재 홍보",마드리드서 대학생 100명 체험행사 공동체·지속가능성 등 문화적 가치 알려 ‘비빔밥의 본고장’ 전북 전주시가 스페인을 찾아 비빔밥의 문화적 가치와 유네스코 인류무형문화유산 등재 필요성을 알리는 홍보 행사를 여는 등 국제 공감대 확산에 나섰다. 13일 전주시에 따르면 전날(현지 시간) 스페인 마드리드의 레사 차마르틴(Resa Chamartín) 대학생 기숙사에서 전주음식·문화 확산사업의 하나로 ‘비빔밥 유네스코 인류무형문화유산 등재 홍보 체험 행사’를 개최했다.,사회/세계
"""은어 잡으러 오세요"". 봉화은어축제 오는 25일 팡파르","제28회 봉화은어축제가 오는 25일부터 내달 2일까지 9일간 봉화읍 내성천 일원에서 열린다. 축제 기간 매일 오전 11시, 오후 3시, 오후 5시 등 3차례에 걸쳐 반두잡이 체험이 진행되며 맨손잡이 체험도 평일 3회, 주말 4회 운영한다.",라이프
"이수지, 목소리 너무 많이 썼나. 성대결절 진단","방송인 이수지가 성대결절 진단을 받은 사실이 알려지면서 원인과 증상에 이목이 쏠리고 있다. 14일 이수지 소속사 씨피엔터테인먼트 측은 ""이수지는 최근 성대결절 진단을 받아 의료진의 소견에 따른 진료를 받을 예정""이라며 ""이후 회복의 시간을 가진 뒤 활동을 이어갈 계획""이라고 밝혔다.",라이프
"현대차, 상품성 높인 연식변경 모델 '2027 넥쏘' 출시","현대자동차가 14일 수소전기차 넥쏘의 연식변경 모델 '2027 넥쏘'를 출시했다. 현대차는 기본 트림 '모던'부터 100W USB 충전 케이블을 기본 제공하며, 기존 상위 트림의 기본 사양이었던 루프랙과 인조가죽 시트를 기본 적용해 상품성을 높였다.",IT/과학
"‘대세 코미디언’ 이수지, 성대결절로 수술. “회복의 시간 갖는다”",다양한 예능에서 활약 중인 ‘대세 코미디언’ 이수지(41)가 성대결절로 수술을 받는다. 14일 소속사 씨피엔터테인먼트는 “이수지가 최근 성대결절 진단을 받아 의료진 소견에 따른 진료를 받을 예정”이라고 밝혔다.,문화/트렌드
"""라면서 정통 닭칼국수 맛이?"". 오뚜기 '동대문식 닭한마리 칼국수'","""칼국수 면발에 닭고기 등 건더기 담아"" 오뚜기가 동대문 닭 한 마리 골목의 맛을 살린 신제품 '동대문식 닭한마리 칼국수' 라면을 출시했다고 14일 밝혔다. 이번 신제품은 동대문 닭 한 마리 골목의 시초가 된 닭칼국수 노포 감성을 담아낸 제품으로, 닭 육수에 야채의 감칠맛을 더하고, 마늘과 후추의 향신미를 살렸다.",라이프
"CJ대한통운, 현장 순회 건강검진에 AI 심전도 검사 도입","개인사업자 대상 검진 비용 100% 전액 지원 CJ대한통운은 택배 기사 대상 현장 순회 건강검진에 심전도 인공지능(AI)기반 심장질환 조기 진단프로그램을 도입했다고 14일 밝혔다. 현장 순회 건강검진은 인증 전문기관이 전국 300여개 택배 서브터미널에 찾아가는 방식으로 진행되며 검진 항목은 뇌심혈관계 질환 검사, 혈액 검사, 고혈압 등 60여개 기본 항목과 류마티스·감염증(CRP) 검사 등이다.",IT/과학
"""흑마늘 넣어 까만 육수 돋보이네"". '일월정 흑마늘 삼계탕'","대구 백년가게 '일월정'과 협업 롯데웰푸드 간편식 브랜드 '식사이론'이 초복을 앞두고 대구 대표 백년가게 '일월정'과 협업한 '일월정 흑마늘 삼계탕'을 선보인다고 14일 밝혔다. 일월정은 흑마늘을 활용해 완성한 삼계탕 전문점으로, 대구에서 2대째 전통을 이어오고 있다.",라이프
그림 속 유산에서 AR 혼례까지. 인천공항 'K-컬처 뮤지엄',(서울=뉴스1) 박정환 문화체육관광부와 한국콘텐츠진흥원이 기획전시 '테크-드라이븐 헤리티지'를 오는 28일까지 운영한다. 지난 6월 29일 인천국제공항 제1여객터미널 'K-컬처 뮤지엄'에서 개막한 이번 전시는 심화 학습 인공지능(AI)과 증강현실(AR)을 결합해 누적 관람객 3만 명을 넘겼다.,IT/과학|라이프
여름 냉방병과 어지럼증. “생리과다·빈혈·덩어리혈 동반 땐 자궁근종 의심”,"폭염과 냉방을 오가는 여름철에는 두통, 어지럼, 피로감을 호소하는 사람이 많다. 에어컨 바람을 오래 쐤거나 찬 음료를 자주 마셔 컨디션이 떨어졌다고 생각하기 쉽다.",라이프
"송파구 '장기요양요원의 날' 지정. ""요양보호사 처우 개선""",서울 송파구(구청장 서강석)는 서울 25개 자치구 가운데 처음으로 '장기요양요원의 날'을 제정하고 요양보호사의 처우 개선에 나선다고 14일 밝혔다. 구는 초고령사회 진입을 눈앞에 두고 어르신을 돌보는 종사자의 역할이 중요하다는 점을 고려해 지난해 9월 '송파구 장기요양요원 처우 개선 및 지위 향상 등에 관한 조례'를 개정했다.,사회/세계
인천항 재정투자 4년새 65% 줄어. 부산항은 83% 급증,"정일영 의원 ""정부, 항만공사 통합 아닌 인천항 재정투자 확대해야"" 수도권 물류 거점인 인천항에 대한 정부 투자가 최근 4년 사이 급감해 인천항의 경쟁력이 약화할 것이라는 우려의 목소리가 나오고 있다. 14일 더불어민주당 정일영(인천 연수을) 의원실이 받은 해양수산부 자료에 따르면 지난해 정부의 인천항 재정투자 규모는 614억원으로 2021년 1천772억원보다 65.4% 감소했다.",정치|경제
트럼프 대이란 해상 봉쇄 선언에. 국제유가 또 급등,도널드 트럼프 미국 대통령이 대이란 해상 봉쇄 재개를 선언하면서 국제유가가 급등하고 있는 14일 서울 만남의광장 주유소에서 운전자들이 주유를 하고 있다. 2026.07.14.,사회/세계
"""아이스크림 먹고, 도시락통으로"" 배민·배라, 다회용 한정판 굿즈 출시",아이스크림 세트 4종 구성 '먹을 복 담을 통' 단독 판매 '배민 먹을 복 페스타' 기간 선착순 최대 1만원 할인 쿠폰 배달의민족이 배스킨라빈스와 협업해 한정판 굿즈 '먹을 복 담을 통'을 선보인다. 배달의민족 운영사 우아한형제들은 배스킨라빈스와 협업한 한정판 굿즈가 포함된 세트메뉴 4종을 판매한다고 14일 밝혔다.,라이프
국가유산 문화상품 'K-헤리티지' 상반기 매출 49.7%. 90억 돌파,최근 5년 연속 성장세. 역대 최고 매출 경신 기대 온라인·공항 판매 호조.,경제
"""샐러드바 최대 규모"". 이랜드이츠 애슐리퀸즈 NC송파점 새단장","""가격 기존과 동일. 주말 2만7900원"" 이랜드이츠의 뷔페 브랜드 애슐리퀸즈가 NC송파점을 새로 단장해 '그랜드NC송파점'으로 재개장한다고 14일 밝혔다.",라이프
"매일유업, 대학생 AI 영상 공모전 개최. Z세대 아이디어 발굴",매일유업이 대학생의 창의적인 아이디어와 생성형 인공지능(AI) 기술을 브랜드 마케팅에 접목한다. 매일유업은 ‘제2회 대학생 AI 영상 공모전’을 개최한다고 14일 밝혔다.,라이프|IT/과학
"골든블루, 홈술족 공략. ‘쿼츠 전용 글라스 패키지’ 한정 출시",골든블루가 집에서 하이볼을 즐기는 소비자를 겨냥해 전용 글라스와 레시피 북을 묶은 한정 패키지를 선보인다. 골든블루는 3세대 위스키 ‘골든블루 쿼츠(GoldenBlue Quartz)’의 전용 글라스 패키지를 한정 출시했다고 14일 밝혔다.,라이프
"더운 여름, 식중독 주의. 설사한다고 지사제 함부로 복용하면 위험",본격적인 더위가 시작됐다. 음식 관리에 더욱 신경 써야 할 때다.,라이프
"237년 전 오늘, 프랑스의 '와인 민주주의'가 시작됐다고?","그들은 왜 바스티유 감옥으로 돌진했나 서민의 식탁으로 내려온 보르도 와인 2026년도 어느덧 반 이상이 지나간 7월이다. 지나간 시간은 정말 찰나로 느껴질 정도로 빠르게 흘러가지만, 이 시기가 되면 역사는 우리에게 매우 의미 있는 순간을 상기시킨다.",사회/세계
"현대차·기아, '2026 레드닷 어워드'서 최우수상 등 6관왕","현대자동차·기아는 '2026 레드닷 어워드: 디자인 콘셉트'에서 최우수상 1개와 본상 5개를 포함, 6관왕을 차지했다고 14일 밝혔다. 올해 디자인 콘셉트 부문에서 현대차·기아 모베드 어반호퍼&골프가 최우수상을 수상했으며, 최고 작품을 선정하는 '루미너리' 후보에도 이름을 올렸다.",문화/트렌드|IT/과학
무신사·도미노피자 협업 컬렉션 출시. “패션과 식품의 만남”,무신사는 오는 16일 도미노피자와 손잡고 이색 협업 컬렉션 상품과 신메뉴를 선보인다고 14일 밝혔다. 이번 컬렉션은 무신사가 선정한 브랜드와의 협업을 통해 단독으로 선보이는 특별 상품임을 인증하는 '무신사 에디션'으로 발매된다.,라이프
"KFC, 삼복 시즌 한정 '복버켓' 출시","KFC는 삼복 시즌을 겨냥해 14일부터 다음달 17일까지 한정 메뉴 '복버켓'을 출시한다. KFC에 따르면 지난해 초복 당일 매장 평균 치킨 매출과 판매 건수는 전주 동요일 대비 각각 13%, 9.2% 증가했다.",라이프
“이번엔 진짜 몰랐다”. 트랜스젠더 여성 등장에 이수근 역대급 반응,성전환 수술 후 가족과 멀어졌다는 32세 트랜스젠더 여성에 대해 이수근이 “진짜 몰랐다”고 놀라워했다. 13일 방송된 KBS Joy 예능 프로그램 ‘무엇이든 물어보살’에는 비트메이커로 활동 중인 32세 트랜스젠더 여성이 출연했다.,문화/트렌드
"한화리조트 제주, 숙박·트레킹 결합 ‘윗세오름 패키지’ 출시","이른 아침 영실 출발, 어리목까지 4시간. 셔틀·객실·에너지 키트·사우나 묶은 맞춤형 혜택 한화리조트 제주가 여름을 맞아 숙박과 트레킹을 결합한 ‘윗세오름 힐링 패키지’를 선보인다고 14일 밝혔다.",라이프
"JTI코리아, 싱글캡슐 수퍼슬림 '메비우스 아이스 트위스트' 2종 출시",JTI코리아는 싱글캡슐 수퍼슬림 신제품 '메비우스 아이스 트위스트 1㎎'과 '메비우스 아이스 트위스트 4㎎'을 전국 편의점 및 소매점에 출시했다고 14일 밝혔다. 신제품은 청량함과 풍부한 맛을 조화롭게 구현했다.,경제|라이프
"갤러리 밖으로 뛰쳐나온 예술, ‘어반브레이크+토이콘’ 온다",무게감을 버리고 갤러리 밖으로 뛰쳐나온 예술을 만날 수 있는 장이 열린다. 어반컴플렉스는 오는 30일부터 다음 달 2일까지 나흘간 서울 강남구 코엑스에서 예술의 주류와 비주류 경계를 허문 아트 페스티벌인 ‘어반브레이크’와 글로벌 아트토이 장터인 ‘토이콘 서울’을 하나로 통합한 행사인 ‘어반브레이크＆토이콘 서울 2026’을 연다고 13일 밝혔다.,문화/트렌드
"모차르트로 다시 만나는 손민수·임윤찬 사제, 22일 롯데콘서트홀","7월 22일 서울 롯데콘서트홀서 KBS교향악단 창단 70주년 특별연주회 손민수·임윤찬 사제 피아니스트 협연 지난해 라흐마니노프와 브람스의 피아노 듀오 무대로 화제를 모았던 피아니스트 손민수, 임윤찬이 올해는 모차르트로 다시 호흡을 맞춘다. KBS교향악단은 오는 22일 서울 롯데콘서트홀에서 '창단 70주년 특별연주회 손민수·임윤찬'을 연다고 13일 밝혔다.",문화/트렌드
"“모베드 어반호퍼&골프 최우수상”. 현대차그룹, 레드닷 어워드 6관왕",현대자동차그룹이 ‘2026 레드닷 어워드: 디자인 콘셉트’에서 최우수상 1개와 본상 5개 등 총 6개 상을 받았다고 14일 밝혔다. 독일 노르트라인 베스트팔렌 디자인센터가 주관하는 레드닷 어워드는 세계 3대 디자인상 중 하나로 꼽힌다.,문화/트렌드
"정읍시, 시내버스 최종 노선 개편안에 시민 의견 적극 반영",(정읍=뉴스1) 전북 정읍시는 시내버스 노선 개편을 위해 주민 의견 조사를 진행한다고 14일 밝혔다. 21일까지 진행되는 이번 조사는 시민들의 참여를 높이기 위해 온라인과 오프라인(현장) 방식을 병행한다.,사회/세계
"예스24 '젊은 작가' 투표 1위에 청예 ""오직 문학만이 내게 정당한 보상""",<주와 연> <낭만 사랑니> 등 출간 예스24가 진행한 ‘2026 한국문학의 미래가 될 젊은 작가’ 투표에서 청예 작가가 1위에 선정됐다. '한국문학의 미래가 될 젊은 작가'는 올해로 12주년을 맞은 예스24의 문학 캠페인이다.,문화/트렌드
"AI 시대의 문화예술교육, 경기문화재단과 함께할 혁신가 40인 찾는다","기술의 발전이 예술 교육의 패러다임을 바꾸는 가운데, 경기문화재단이 미래형 문화예술 생태계를 이끌어갈 인재 양성에 나섭니다. 경기문화재단(대표이사 유정주)은 인공지능 기술을 접목한 새로운 문화예술교육 모델을 발굴하는 '2026 AI 연계 예술교육 프로그램 개발 및 확산사업(부제: 내 수업에 AI가 들어온다면)'의 본격적인 막을 올리고, 현장 실증을 함께할 참가자를 모집한다고 밝혔습니다.",IT/과학|라이프
"현대차·기아, 레드닷 디자인 어워드 6관왕. 모베드 최우수상",모베드 어반호퍼&골프 최고상 콘셉트 쓰리·마그마 GT·비전 메타 투리스모 등 본상 (서울=뉴스1) 현대자동차(005380)·기아(000270) 모베드가 글로벌 디자인 어워드에서 최우수상을 수상하며 앞선 디자인 경쟁력을 또다시 입증했다. 현대차·기아는 '2026 레드닷 어워드: 디자인 콘셉트'에서 최우수상 1개와 본상 5개 등 총 6개 상을 받았다고 14일 밝혔다.,문화/트렌드|IT/과학
하루 7시간 라이브 방송. 리센느 '중소돌 기적'의 이유,"신생 기획사 출신 리센느, 멜론 차트 1위 올라 2년 전 곡 '러브 어택'으로 차트 순위 역주행 멤버 지역성 살린 유튜브로 초기 캐릭터 구축 하루 7시간 라이브 방송으로 진솔함 드러내 음악도 신비주의 대신 친근감 살리는 데 집중 지난 11일 울산 문수월드컵경기장에서 열린 울산 HD와 전북 현대의 프로축구 경기. 골을 넣은 전북의 이승우가 ‘파라파라 춤’을 추더니 뻗은 손으로 뒤집어진 V자를 만들어 보인다.",문화/트렌드
"면세업계, 여름 휴가철 앞두고 ‘통 큰’ 할인 경쟁. 팬미팅·숙박권·항공권까지",여름 휴가철 해외여행 수요가 늘면서 면세점업계가 대규모 할인 행사와 경품 이벤트를 앞세워 고객 유치에 나섰다. 14일 면세업계에 따르면 신라면세점과 롯데면세점은 여름 성수기를 맞아 온·오프라인에서 대규모 프로모션을 시작했다.,라이프
"제천시, '친서민생활 고충민원처리 기동대' 확대 운영","충북 제천시는 주민 불편 사항을 처리하는 '친서민 생활 고충 민원 처리 기동대'를 올해부터 확대 운영한다고 14일 밝혔다. 2012년부터 시작된 기동대는 전등·수전 교체, 못 박기 등 일상 속 불편을 해결하고 소규모 공공시설물 정비를 지원하는 생활밀착형 행정서비스다.",라이프
올여름 서울서 펼쳐지는 발레 축제. 박세은 기획 '우리 시대 에투알 2026',전 세계 발레 팬들의 가슴을 설레게 할 역대급 무대가 올여름 예술의전당을 찾아옵니다. 예술의전당(사장 장한나)은 세계 최고 권위의 무용수들이 한자리에 모이는 국제 갈라 공연 <우리 시대 에투알 2026>을 오는 29일부터 8월 2일까지 오페라극장 무대에 올린다고 발표했습니다.,문화/트렌드|라이프
한국 창작뮤지컬의 자존심. 뮤지컬 '곤 투모로우' 10주년 공연 확정,역사적 사실 위에 감각적인 무대 언어를 얹어 한국 창작뮤지컬의 새로운 지평을 열어온 뮤지컬 <곤 투모로우>가 기념비적인 10주년 무대로 돌아옵니다. 제작사 PAGE1은 뮤지컬 <곤 투모로우>의 10주년 공연을 오는 9월 15일부터 11월 29일까지 홍익대 대학로 아트센터 대극장에서 개최한다고 발표했습니다.,문화/트렌드
"""동대문 닭한마리 라면으로 즐긴다"" 오뚜기, 칼국수 신제품",로컬 맛집 트렌드 반영. 닭육수와 칼국수 면발 조화 살려 오뚜기가 동대문 닭한마리 골목의 맛을 라면으로 구현한 신제품 '동대문식 닭한마리 칼국수'를 출시했다고 13일 밝혔다.,라이프
탄금대 가야금 경연대회 내달 20∼23일 열려,"충북 충주시는 제49회 대통령상 전국 탄금대 가야금 경연대회가 다음 달 20일부터 나흘간 문화회관에서 열린다고 14일 밝혔다. 충주예총이 주최하는 대회로 초·중·고교생, 대학생, 일반인(대학원생)을 대상으로 독주·병창, 중주 부문으로 나눠 진행된다.",문화/트렌드
"반스, '케이팝 데몬 헌터스'와 협업. '골든 컬렉션' 공개",오리지널 액션 스포츠·라이프스타일 브랜드 반스(VANS)가 넷플릭스 애니메이션 영화 '케이팝 데몬 헌터스(K-Pop Demon Hunters)'와 만났다. '골든(Golden) 컬렉션'을 오는 20일 출시하는 것.,문화/트렌드
"오후부터 다시 장맛비. ""비 와도 폭염 계속""","충북과 세종, 오늘(14일) 곳곳에 여전히 폭염특보가 발효중인 가운데 낮 체감온도가 33도까지 오르며 무더위가 이어지겠습니다. 오후부터는 태풍 '바비'가 남긴 수증기의 영향으로 다시 장맛비가 내리겠습니다.",라이프
"최재명, 오늘(14일) 첫 싱글 '흥이나 내보자' 발매. 유쾌한 위로 전한다","가수 최재명 씨가 오늘(14일) 드디어 첫 싱글을 선보이며 본격적인 활동에 나섭니다. 최재명은 14일 오후 6시, 각종 주요 온라인 음원 사이트를 통해 첫 번째 싱글 '흥이나 내보자'를 발매합니다.",문화/트렌드
"""전자담배도 담배와 비슷한 악영향. 젊은층 운동능력 15% 낮아""","英 연구팀 ""건강한 18~30세 성인에서도 혈관 기능·폐 효율 저하 확인 "" 전자담배가 일반 담배보다 덜 해롭다는 인식과 달리 전자담배를 사용하는 건강한 젊은층도 비흡연자보다 혈관 기능과 운동능력이 떨어지고, 그 정도는 일반 담배 흡연자와 비슷한 것으로 나타났다. 영국 맨체스터 메트로폴리탄대 아즈미 파이살 박사팀은 14일 유럽호흡기학회 저널 ERJ 오픈 리서치(ERJ Open Research)에서 건강한 성인을 대상으로 전자담배와 일반 담배 흡연자, 비흡연자를 비교한 결과 전자담배와 일반 담배 흡연자 모두 운동능력이 약 15% 낮았고 혈관 기능도 저하된 것으로 나타났다고 밝혔다.",라이프
"청예 작가, 예스24 '한국문학의 미래가 될 젊은 작가' 1위 선정",장편소설 '낭만 사랑니' 등으로 사랑받아 23만여 명 독자 참여 공현진 2위·위수정 3위 기록 청예 작가가 예스24 독자들이 뽑은 ‘2026 한국문학의 미래가 될 젊은 작가’ 1위에 선정됐다. 14일 예스24에 따르면 총 23만 8824명의 독자가 참여한 투표에서 청예 작가는 3년 연속 후보에 오른 끝에 2만7145표(8.3%)를 얻어 1위를 차지했다.,문화/트렌드
"청주시, 유네스코 창의도시 BI 공개. 특별전도 개막","청주시는 유네스코 창의도시 네트워크(UCCN) 공예·민속예술 분야 도시의 정체성을 담은 새로운 BI(도시브랜드)를 14일 공개했다. 새 BI는 청주에서 꽃피운 공예문화가 끊임없이 성장하고 세계로 확산하는 모습을 상징적으로 표현했으며, 향후 국제사회에서 유네스코 창의도시 청주의 상징으로 활용된다.",라이프
"韓 대표 고교생 5인, 국제물리올림피아드 전원 금메달","2023년 이후 4년 만 전원 획득 쾌거 오주하 학생, 대회 참가자 종합 1위 이달 초 콜롬비아 부카라만가에서 열린 제56회 국제물리올림피아드에서 한국대표단 5명 전원이 금메달을 따내는 쾌거를 이뤘다. 참가자 전원이 모두 금메달을 딴 것은 2023년 이후 4년 만이다.",사회/세계|IT/과학
"유아인, 활짝 웃으며 포옹. 호프 시사회 등장에 ""복귀 시동거나?""","배우 유아인이 영화 시사회장에 모습을 드러내 이목을 끌고 있다. 마약류 상습 투약 혐의로 징역형의 집행유예가 확정된 유아인이 공식 석상 인근에서 포착된 사진이 퍼지면서, 향후 연예계 복귀 가능성을 두고 누리꾼들의 갑론을박이 이어지는 모양새다.",문화/트렌드
"지놈앤컴퍼니, 이중항체 ADC ‘GENB-120’ 국가신약개발사업 선정",2년간 연구개발비 지원. 전임상 개발·기술이전 추진 ITGB4·TROP2 동시 표적.,IT/과학
"오카다 마닐라, 아태지역 최고 통합리조트 '톱3'",필리핀 마닐라의 복합리조트 '오카다 마닐라'는 '럭셔리 어워즈 아시아 퍼시픽 2026' 시상식에서 아시아·태평양 최고 럭셔리 통합리조트 부문 3위에 올랐다고 14일 밝혔다. 오카다는 글로벌 여행 매체 트래블 앤 레저가 주관하는 이 시상식에서 '필리핀 최고 시티호텔' 부문에서도 2위를 기록하며 2개 부문에 이름을 올렸다.,라이프
"현대차·기아, '레드닷 어워드' 6관왕. 디자인 경쟁력 입증",현대차·기아가 '2026 레드닷 어워드: 디자인 콘셉트'에서 최우수상 1개와 본상 5개를 포함해 총 6개상을 수상했다고 14일 밝혔다. 독일 노르트라인 베스트팔렌 디자인센터가 주관하는 레드닷 어워드는 세계 3대 디자인상 중 하나로 매년 △제품 디자인 △브랜드·커뮤니케이션 디자인 △디자인 콘셉트 부문에서 우수한 작품을 선정한다.,IT/과학
샤넬 가격 5%대 또 인상. 클래식 미디엄 1880만·WOC 635만원,"대표 제품 가격 인상에도 매출 성장세 지속 ""가격 인상 통해 브랜드 희소·수익성 관리"" 샤넬이 대표 핸드백과 체인 지갑(WOC) 등 주요 제품 가격을 또다시 인상했다. 명품 수요 둔화에도 가격 인상을 이어가며 브랜드 희소성과 수익성을 동시에 끌어올리는 전략을 이어가는 모습이다.",라이프|경제
"韓 청소년 대표단, 국제청소년물리토너먼트서 8년 만에 금메달","35개국 175명 참가. 한국, 본선 종합 2위로 결승 진출 정답 없는 물리 문제 놓고 발표·반론·평론 경쟁 진행 한국 청소년 대표단이 세계 물리 토론대회에서 금메달을 획득했다.",사회/세계
"진천군, 생거진천 문화축제장 농특산물 장터 참가자 모집","10월 9일~11일 축제장 내 농특산물 전시·판매 장터 운영 (진천=뉴스1) 충북 진천군 농업인단체협의회는 오는 10월 열리는 '2026 생거진천 문화축제' 행사장에서 농특산물 전시·판매 장터를 운영할 참가자를 모집한다. 축제장을 찾는 방문객에게 '생거진천' 농산물의 우수성을 알리고, 지역 농가의 판로 확대와 소득 증대를 돕기 위해서다.",문화/트렌드|라이프
"마한 최대급 분구묘 고창 봉덕리 고분군 3호분, 격자망 축조기술 첫 확인",고창 봉덕리 고분군 3호분. 국가유산청 제공 마한 최대급 분구묘인 ‘고창 봉덕리 고분군 3호분’이 국내 최초로 토낭(흙자루) 격자망과 성벽 축조 공법을 사용한 것으로 밝혀졌다.,사회/세계|라이프
로비·전시실·공원까지. 미술관에 내려앉은 ‘거장의 빛’,MMCA 과천 40주년 특별전 ‘빛의 상상들’ 개최 깜빡거리는 ‘전구조명’ 활용 입구 장식한 파레노부터 LED·직물 이용 ‘공간의 신비감’ 자아내는 터렐까지 빛·영상 소재로 작업한 국내외 작가 작품들 한자리에 야외엔 예술 의자 곳곳 배치 ‘머무는 자리’로 재해석 국립현대미술관 과천관 40주년을 기념한 ‘MMCA 과천 40주년 : 빛의 상상들’에서 전시 중인 이반 나바로의 ‘에코(벽돌)’. 깊은 우물을 들여다보는 듯한 착시를 불러일으킨다.,문화/트렌드
"""로봇이 자동으로 충전"". 채비, 자율충전 기술 개발 본격화","산업부 지원사업 참여, 로봇 기반 자율충전시스템 개발 급속 충전 인프라 활용. 기술 실증 및 상용화 검증 수행 국내 전기차 급속 충전 인프라 운영 사업자(CPO) 채비가 산업통상부 ‘인공지능(AI) 응용 제품 신속 상용화 지원사업’의 일환으로 추진되는 ‘로봇 기반 전기차 자율충전시스템’ 개발 과제에 공동기관 및 수요기업으로 참여한다고 14일 밝혔다.",IT/과학
"1인당 자릿값 주고 먹은 제철회, 식감이 남다르네요","부산 근현대역사관, 신동아시장부터 보수동 책방 골목까지 (이전 기사 : 동남아시아의 종교와 예술, '열린 도시' 부산에서 만나다) 아침 일찍 숙소에서 나와서 아침 식사로 복국을 먹었다. 나의 모습이 영락없는 관광객으로 보였던지, 식삿값을 치르고 나니 식당 사장이 다음 행선지가 어디냐고 물었다.",라이프
"속초시, 태풍·집중호우 대비 산사태 취약지역 현장 점검",쓰러진 나무 등 위험 요소 제거. 우기 전 안전관리 강화 강원 속초시는 여름철 집중호우와 태풍으로 인한 산사태 피해를 예방하기 위해 산사태 취약지역과 사방시설에 대한 현장 안전 점검을 실시한다고 14일 밝혔다.,사회/세계
부산서 열리는 유네스코 세계유산위. '대한민국관'서 K-컬처 총출동,"벡스코 제1전시장, 오는 20일~29일. '韓 세계유산' 한눈에 (서울=뉴스1) 제48차 유네스코 세계유산위원회가 열리는 부산에 한국의 문화유산과 미식을 한자리에서 만날 수 있는 '대한민국관'(K-Heritage House)이 문을 연다.",문화/트렌드|라이프
"""로컬 미식 품은 호캉스"" 파라다이스 호텔 부산, 고래사어묵 패키지",객실 1박·어묵 금액권·오션스파 이용 혜택. 어묵 만들기 클래스도 운영 파라다이스 호텔 부산이 부산 로컬 미식 브랜드 고래사어묵과 협업한 패키지 '테이스트 오브 부산 위드 고래사어묵'을 선보였다고 14일 밝혔다.,라이프
"“폭염에 물·이온음료 챙기세요”. 롯데칠성음료, 건설현장 안전 캠페인",롯데칠성음료가 금호건설과 함께 건설현장 근로자의 여름철 온열질환 예방에 나섰다. 롯데칠성음료는 최근 경기도 오산시 벌음동 ‘금호건설 오산세교 아테라 아파트’ 건설현장에서 온열질환 예방 캠페인을 진행했다고 14일 밝혔다.,라이프
2026년 7월 14일 띠별 운세,더 나은 결과가 올 것입니다. 48년생 : 순탄하게 진행되던 당신의 일이 이제 고비를 맞게 됩니다.,라이프
"펩트론 대표, 자사주 1만주 장내 매수. ""책임경영 강화""","지분율 7.19%로 확대 비만 치료제 개발·생산시설 투자도 추진 펩타이드 기반 신약개발 기업 펩트론은 최호일 대표이사가 장내 매수를 통해 자사주 1만 주를 추가 취득한다고 14일 공시했다. 이번 매수로 최 대표의 보유 주식 수는 167만6662주로 늘어나며, 지분율은 기존보다 0.04%포인트 증가한 7.19%가 된다.",경제
"콩과 고질라가 롯데월드에 떴다. 24일, 역대급 어트랙션 오픈","세계 첫 몬스터버스 접목, ‘콩X고질라 : 더 라이드’ 8인승 비클 탑승, 11분간 이어지는 몰입형 체험 롯데월드 어드벤처는 오는 24일 신규 어트랙션 ‘콩X고질라 : 더 라이드’를 오픈한다고 14일 밝혔다. 이번 어트랙션은 롯데월드 어드벤처 역사상 단일 어트랙션 최대 투자비가 투입됐다.",라이프
"클론' 구준엽, '1,200억 아내 유산' 포기 안 했다 ""자녀 위해 법적 절차""","클론 구준엽이 아내 고(故) 서희원이 남긴 유산을 포기하지 않았다는 주장이 나왔다. 대만 '삼립신문망'은 13일 ""구준엽이 서희원의 유산을 포기하지 않았으며, 자녀들이 받아야 할 몫의 유산을 얻기 위해 노력하고 있다""고 보도했다.",문화/트렌드
"흔히 먹는 '이 외식 메뉴', 덜 익혔더니⋯다리 썩어 17번 수술 끝 지팡이 신세",미국의 한 40대 여성이 덜 익은 새우를 먹은 뒤 이른바 '살 파먹는 세균'에 감염돼 다리 일부를 절제하는 대수술을 받고 가까스로 목숨을 건진 사연이 전해졌다. 13일(현지시간) 영국 데일리메일은 미국의 한 여성이 덜 익은 새우를 먹고 치명적인 세균 감염으로 다리 일부를 절제하는 수술을 받은 뒤 현재까지도 지팡이에 의지해 생활하고 있다고 보도했다.,라이프
전국 문화재단 속초 집결. '지역상생·문화동행 페스타' 성료,문화재단 협력 네트워크 확대. 지속 가능한 문화교류 기반 마련 강원 속초문화관광재단은 지난 8일부터 11일까지 속초 조양동 엑스포 상징탑 광장 일원에서 열린 '2026 지역상생·문화동행 페스타'가 성황리에 막을 내렸다고 14일 밝혔다.,라이프
원래 여름은 웃음이 많은 계절이었다,"유머와 기후위기 평상에서 모기장 치고 잔 세대, 고모와 삼촌은 얼마나 웃겼던가 에어컨에 밖은 더 뜨거워지는 불평등. 공통의 감각도 사라진다 지난주, 워크숍 일정으로 열흘 넘게 독일을 방문하고 돌아왔다.",라이프
노년에 다시 개구쟁이가 된 아버지,개구쟁이를 씻기는 일은 쉽지 않다. 씻자고 하면 못 들은 척한다.,라이프
"에어컨 켜자마자 18도 설정, 더 빨리 시원해질까?",연일 폭염이 이어지자(amid the persistent heat wave) 실내 온도를 서둘러 낮추려고 에어컨 설정 온도를 최저치 18도에 맞추곤 한다. 더 낮게 설정할수록 더 찬 바람을 더 세게 일으켜 더 빨리 시원해질(cool down) 것으로 기대하기 때문이다.,라이프
변색 없이 300년 된 초상화,"소중한 이의 모습은 언제든 볼 수 있게 주머니에 넣고 다니게 된다. 요즘에는 스마트폰에 저장하지만, 얼마 전까지는 지갑에 사진을 한 장씩 꽂아뒀다.",라이프
휴머노이드 생산직,이번 현대차 파업엔 낯선 조건이 들어 있다. AI와 로봇에 따른 고용 보장.,IT/과학
다음 신고 때는 쿠팡을 이기고 싶다,첫 부가세 신고를 했다. 개인 사업자로서 처음 마주하는 서류들에 겁이 난 나는 성실했다.,라이프
코골이 심할수록 발기 기능 떨어져. 해결책은?,코를 심하게 골거나 자는 동안 호흡이 반복적으로 멈추는 폐쇄성 수면무호흡증이 심할수록 발기 기능도 떨어질 가능성이 있다는 연구 결과가 나왔다. 영국 유니버시티칼리지런던 연구진은 수면무호흡증과 발기부전의 연관성을 살핀 기존 연구 8편을 종합 분석했다.,라이프
사유의 카페 서점 5ｍ'. 아비뇽에 스민 한국어,"아비뇽 페스티벌, 한불 수교 140주년 맞아 한국어 초청언어 선정 공식 초청작 47편 중 9편이 한국 작품 한국문학도서전·길거리 음식에 이우환 전시도 인근 아를에선 박찬욱 감독 첫 유럽 개인 사진전 (아비뇽·아를<프랑스>=연합뉴스) 송진원 특파원 '사유의 카페 서점 5ｍ', '매표소 25ｍ', '카페테리아 10ｍ'. 올해 제80회 아비뇽 연극 페스티벌을 찾은 한국인들이라면 페스티벌 본부가 자리한 생루이 회랑에서 반가운 한글 안내판을 볼 수 있다.",문화/트렌드
“수박 흰 부분 버리지 마세요”⋯여름철 유용한 활용법 3가지,여름철 수박을 먹고 나면 하얀 속껍질은 대부분 그대로 버려진다. 하지만 붉은 과육 아래의 흰 부분은 생각보다 쓰임새가 다양하다.,라이프
7월 14일 화요일,"당신의 수호성이 속삭이는 오늘의 별자리 운세와 함께, 빛나는 하루를 위한 우주의 이정표를 찾아보세요. ♑️ 염소자리 (12.22 ~ 1.19): 책임감 있는 태도로 업무를 차근차근 진행하는 날입니다.",라이프
“암 없댔는데” 뒤늦게 직장암 3기. 병원이 발견 못 한 걸까?,"PET-CT(양전자방출단층촬영·컴퓨터단층촬영)는 몸속 세포가 얼마나 활발하게 움직이는지와 장기의 모양을 한 번에 살펴보는 영상검사다. 이 가운데 암 검사에 주로 쓰이는 FDG PET-CT는 포도당과 비슷한 성질의 약물을 몸에 넣은 뒤, 이 물질이 많이 모이는 부위를 확인하는 방식이다.",라이프
이자이 콩쿠르 첫 한국 결선 성료. 남 크리스티나·진 야란 우승,벨기에 창설 세계적 콩쿠르 이천아트홀서 첫 공식 한국 결선 한국인 이세나 최연소 2위 벨기에에서 창설된 이자이 국제음악콩쿠르(Ysaÿe International Music Competition)가 국제 클래식 음악 콩쿠르로는 처음으로 한국에서 공식 결선을 열고 지난 11일 이천아트홀에서 막을 내렸다. 벨기에 이자이 국제음악콩쿠르 본부와 한국국제예술학교(KISA)가 공동 개최했다.,문화/트렌드|사회/세계
"화요일, 전국에 비와 ‘찜통더위’. 경기·강원 북부 시간당 50㎜ 강한 비","화요일인 14일에는 전국에 비가 내리는 와중에도 ‘찜통더위’가 이어질 전망이다. 13일 기상청에 따르면 14일 오전부터 수도권과 충남에서 비가 시작돼 오후 강원도와 충북, 전라권으로 확대되겠고, 밤부터는 경상권에도 비가 내릴 것으로 예보됐다.",라이프
신임 국립국어원장에 이관규 고려대 교수,문화체육관광부(장관 최휘영)는 국립국어원장에 이관규(65) 고려대 국어교육과 교수가 인사혁신처 공모를 통해 13일 자로 임명됐다고 밝혔다. 신임 원장의 임기는 2년이다.,정치|사회/세계
“1인당 1억 증발” 섬뜩한 경고. 3040도 절대 안심 못 할 ‘이 병’ 뭐길래?,65세 이전에 발생하는 초로기 치매 환자는 실제 진단을 받기 최대 15년 전부터 업무 생산성이 떨어질 수 있다는 연구 결과가 나왔다. 젊은 연령대에서 나타나는 치매 역시 조기에 발견해야 개인과 사회가 부담해야 할 경제적 손실을 줄일 수 있다는 분석이다.,라이프
"구창모, 37년만에 새 앨범. 히트곡·신곡 등 14곡 수록","밴드 송골매의 메인 보컬 겸 솔로 가수 구창모가 14일 낮 12시 스페셜 앨범 ‘메모리 & 퓨처’(Memory & Future)를 발표한다고 똘배엔터테인먼트가 13일 밝혔다. 연합뉴스에 따르면, ‘메모리 & 퓨처’는 구창모가 지난 1989년 5집 ‘슬픈연정’ 이후 37년 만에 발표하는 공식적인 새 앨범이다.",문화/트렌드
"제주에 뜬 ‘지브리 월드’, 서울서 만나는 뒤샹","스튜디오 지브리전 in Jeju '스튜디오 지브리전(展) in Jeju'가 제주 동화마을에서 개막했다. 전시는 약 3100㎡ 규모로 조성됐으며, 전시장에는 스튜디오 지브리의 대표 명작 '센과 치히로의 행방불명', '이웃집 토토로', '천공의 성 라퓨타', '모노노케 히메' 속 장면을 재현한 조형물이 설치됐다.",문화/트렌드|라이프
“혈관 건강해진다”. 영양사 추천 ‘최고의 간식’은?,높은 혈압은 심혈관 질환 발생의 주요 위험 요인 중 하나다. 다행히 식단만 바꿔도 혈당 조절이 쉬워진다.,라이프
"서울시, 천경자 도록에 저작권료 부과 논란",市 “저작권 넘긴 만큼 허가 필요” 재단 “공익사업”. 분쟁조정 예고 고(故) 천경자(1924~2015) 화백의 작품을 세계에 알리기 위해 제작한 영문 도록을 둘러싸고 작품을 기증받아 소장 중인 서울시와 천 화백 유족 측의 천경자재단이 저작권 사용료를 놓고 맞서고 있다.,라이프
"다큐 영화 '청년 조용기' 9월 개봉. ""절망 처한 이들에게 희망 메시지""",오는 9월 영산 조용기 목사 5주기를 앞두고 청년 조용기의 삶과 신앙을 조명하는 다큐멘터리 영화 '청년 조용기'가 개봉합니다. 절망의 끝에서 복음을 만나 전 세계에 긍정의 신앙을 전파했던 조용기 목사의 청년 시절이 사실적 기록물과 현대 기술이 만나 생생하게 재현될 예정입니다.,문화/트렌드
"“똥배인 줄 알았는데”⋯볼록 나온 아랫배, ‘이것’ 보면 정체 보인다?",아랫배만 유독 볼록 나오면 보기도 흉하지만 걱정도 앞선다. 그런데 같은 '똥배'처럼 보여도 원인은 제각각이다.,라이프
영원으로 비상하다' 외,"신앙은 가장 가까운 가족의 사랑 속에서 움트고, 시대와 역사의 고민 속에서 단단해지며, 마침내 우리 내면에서 꽃을 피웁니다. 병상의 아내를 지킨 남편의 사랑과 진짜 아버지를 찾아간 탈북민의 눈물, 그리고 오늘날 한국교회의 위기를 비추는 역사적 거울과 수 세기를 뛰어넘은 고전의 지혜까지.",라이프
"‘쾅’ 들이받고 줄행랑친 음주 운전자, 붙잡고 보니. ‘반전 신분’에 발칵",술 마신 채 운전하다 사고 낸 후 현장을 벗어난 혐의로 대구의 한 경찰관이 조사를 받고 있다. 대구 수성경찰서는 13일 대구경찰청 소속 A경장을 도로교통법 위반 혐의로 불구속 입건했다고 밝혔다.,사회/세계
내달 부산에서 故전유성 헌정 무대. 이홍렬·김신영 출연,"지난해 세상을 떠난 ‘개그계 대부’ 고(故) 전유성을 기리는 헌정 무대가 마련된다. 연합뉴스에 따르면, 부산국제코미디페스티벌 측은 다음 달 21∼30일 열리는 제 14회 행사에서 ‘전유성 없는 전유성 쇼’를 무대에 올린다고 13일 밝혔다.",문화/트렌드
“출산 후 ‘산후우울증’ 아빠에게도 온다”. ‘이 증상’으로 나타나,신생아 父 10명 중 1명 ‘산후우울증’ 경험 분노·짜증·과음 등 증상으로 나타나 산후우울증은 흔히 산모가 겪는 질환으로 알려져 있지만 실제로는 신생아 아빠 10명 중 1명도 비슷한 증상을 경험하는 것으로 나타났다. 출산한 여성 7명 중 1명이 겪는 것으로 알려진 산후우울증은 출산 직후 급격한 호르몬 변화와 스트레스가 뇌의 신경전달물질에 영향을 끼쳐 발생한다.,라이프
"""아이고 더워"" 에어컨 틀었더니 목 칼칼. 단순 감기 아닐 수도?",여름철에는 냉방기 사용으로 목 점막이 건조하고 예민해지기 쉽다. 여기에 피로와 수면 부족까지 겹치면 세균이나 바이러스 감염에 더 취약해진다.,라이프
봉화은어축제 25일 개막. 은어잡이·물놀이·야간공연 '풍성',9일간 내성천 일원 개최. 가족형 피서축제로 콘텐츠 대폭 강화 대한민국 대표 여름축제인 제28회 봉화은어축제가 오는 25일부터 8월 2일까지 9일간 봉화읍 내성천 일원에서 열린다.,문화/트렌드|라이프
출구 없는 경쟁에 내몰린 청년들. 연극 ‘엑시트’,8월 6~16일 대학로 여행자극장 집단 커닝 연루된 대학생 이야기 집단 커닝 사건에 연루된 대학생 8명 가운데 징계를 피할 수 있는 사람은 단 2명뿐이다. 제한된 ‘출구’를 차지하기 위해 서로를 밀어내는 청년들의 생존 경쟁이 무대 위에서 펼쳐진다.,문화/트렌드
중앙그룹 채권투자자들 “회사채 발행 전부터 자본잠식”,종합편성채널 JTBC 등 중앙그룹 계열사 채권 투자자들이 13일 “JTBC는 회사채 발행 이전부터 사실상 완전자본잠식 상태였다”며 금융당국에 발행·판매 전 과정에 대한 검사를 촉구했다. 이와 관련해 JTBC는 이날 입장을 내고 “신종자본증권 발행 및 신종자본대출 실행과 관련해 기업회계기준에 따라 재무 상황을 적절히 공시했고 자본시장법을 준수했다”고 밝혔다.,경제
“불볕에 과일 화상 입을라”. 40도 끓는 더위에 애끓는 농심,"‘폭염중대경보’ 포항 가보니 사과 일소피해 등 농촌 ‘비상’ 고령 농민 야외활동 자제 문자 기계면선 이장들 마을별 순찰 뙤약볕 탓 피서객도 절반 ‘뚝’ 포스코, 작업 환경 지원 강화 “물이야 내가 어떻게든 주면 되는데, 사과가 햇볕에 데버릴까봐 그게 걱정이지.” 한상수씨(68)가 13일 경북 포항시 북구 기계면의 사과밭에서 나무 아래로 허리를 숙인 채 스프링클러를 손보며 말했다. 3300여㎡ 규모의 밭에서 30년째 사과를 키워온 한씨는 폭염에도 1~2시간마다 밭을 찾아 물이 제대로 나오는지 확인했다.",라이프
"오케이 마담2' 박성웅·이상윤·배정남, 벌써 시즌3? 세 남자의 희망회로",영화 '오케이 마담2' 주조연 배우들이 벌써부터 시즌3를 기대하는 입담으로 현장을 웃음바다로 만들었다. '오케이 마담2'는 2020년 코로나19 확산 당시 개봉해 기대 이상의 흥행을 기록한 '오케이 마담'의 속편이다.,문화/트렌드
136개 시민단체 “공론화 없이 개발 폭주” 재검토 요구,"정부, 원전 증설 공식화 기후부 장관, SMR 등 검토 언급 “의견 수렴 후 12차 전기본에 반영” 정부가 서남권 반도체 산업단지 조성 등 ‘3대 메가프로젝트’에 따른 전력 수요 급증에 대비해 원자력발전소 증설 계획을 내비쳤다. 136개 시민사회단체는 3대 메가프로젝트를 “개발 폭주”로 규정하고 전면 재검토를 요구했다.",정치
멀리 안 가도 관광·휴양 다 잡는다. 오키나와 허니문 패키지 확대,"김해공항서 2시간대. 대구 허니문팩토리, 미야코지마·이시가키까지 묶었다 대구 허니문팩토리가 김해공항 직항을 활용한 오키나와 신혼여행 상품을 출시했다.",라이프
울릉도 국제 트레일러닝대회 성료. 300명 참가 'K-관광섬' 매력 알렸다,해담길 40㎞ 달리며 천혜 자연 만끽. 체류형 관광·지역상권 활성화 효과 울릉군이 국제 트레일러닝 대회를 성공적으로 개최하며 K-관광섬 대표 콘텐츠 육성에 속도를 내고 있다.,라이프|사회/세계
서울 전역 폭염 계속. 전날 온열질환자 9명 발생,전국적으로 폭염이 이어지는 가운데 12일 서울에서 9명의 온열질환자가 나왔다. 13일 서울시에 따르면 질병관리청 공식 통계 발표 기준으로 전날 서울에서 발생한 온열질환자가 9명으로 집계됐다.,사회/세계
"‘21kg 감량’ 손담비, 갈비뼈 앙상 잘록 허리. 비결은 ‘이 운동’?","가수 겸 배우 손담비 자이로토닉 가수 겸 배우 손담비가 운동하는 모습을 공개했다. 손담비는 최근 ""비 오는 날은 운동이지.",라이프|문화/트렌드
‘중구 투어패스’ 4종으로 확대. 추천 코스도 제공,"서울 중구가 지난해 4월 정식 출시한 ‘서울중구 투어패스’를 다양화했다고 13일 밝혔다. 이용자 수요와 패턴을 반영해 상품 구성을 기존 2종에서 4종으로 확대하고, 여행 목적에 맞춘 상품도 새롭게 마련했다.",라이프
40년간 축적된 시간·공간. 빛과 함께 다시 조명하다,"MMCA 과천 40주년: 빛의 상상들 자연 환경·건축, ‘빛’ 주제로 연결 시선 잡는 이반 나바로 ‘에코’ ‘무제’ 佛 현대미술가 파레노 ‘마퀴’ 공개 김아영 연작 ‘딜리버리 댄서’도 전시 김성희 관장 “새 40년 상상 계기되길” 바닥에 펼쳐진 작품을 보는 순간, 빛이 만들어내는 환영 속으로 순식간에 빨려 들어가는 듯한 느낌이 들었다. 마치 끝을 알 수 없는 깊은 우물을 들여다보는 순간의 느낌이라고 할까.",문화/트렌드
"“퇴근길 토할뻔”. 폭염보다 더 무서운 ‘땀냄새’, 없앨 수 없을까?","본격적인 폭염이 시작된 가운데, 지독한 땀 냄새의 공포도 같이 찾아왔다. 출·퇴근길 대중교통에서 풍기는 땀 냄새에 “토할 것 같다”는 사연도 온라인 등에서 심심찮게 볼 수 있다.",라이프
“홈플 사태 해결 대통령이 나서라”. 영업 임시 중단에 노조 집결,청 회견 15일 총궐기 예고도 홈플러스 대형마트 전 점포가 운영 자금 고갈 등으로 영업을 임시 중단한 가운데 홈플러스 노동자들이 청와대 앞에 모여 정부의 즉각적인 사태 해결과 개입을 촉구했다. 민주노총 서비스연맹 마트산업노동조합(이하 마트노조)은 13일 오후 서울 종로구 청와대 분수대 앞에서 회견을 열고 “정부는 즉각 범정부 비상대책기구를 구성하고 긴급 대책을 마련하라”고 밝혔다.,정치|경제|사회/세계
"관악문화재단, ‘2026 관악강감찬축제’ 빛낼 ‘고려장터’ 참여 음식점 모집",서울 관악구 대표 맛집이 한자리에 모인다. 지역경제 활성화 위한 지역 음식점을 12개 팀 내외로 모집한다.,문화/트렌드|사회/세계
“아내와 성생활 20년 없었는데”. 응급실 찾은 83세男 ‘매독’ 진단 미스터리,온몸의 피부가 가려워 응급실을 찾은 벨기에의 83세 남성이 뜻밖에도 ‘매독’ 진단을 받았다. 결혼 50년 차인 아내를 두고 날벼락 같은 확진 통보를 받은 남성은 뒤늦게 “젊었을 때 성병에 걸린 적이 있다”고 털어놨으나 의료진은 최근에 발생한 새로운 감염 경로일 가능성도 배제하지 않고 있다.,라이프
"현대차 임금협상 평행선. 노조, 사흘간 부분파업으로 압박",삼성전자 합의로 보상심리·아틀라스 로봇 도입에 고용 불안 커져 기본급 14만9600원 인상·작년 순이익의 30% 성과급 지급 요구 ‘완전월급제’는 내년 협의. 노동 환경 개선 등에선 합의점 찾아 현대자동차 노사가 임금 및 단체협약(임단협) 교섭 과정에서 평행선을 달리고 있다.,경제
태풍 '바비' 중국서 약화. 비바람 한반도 향해,"태풍 '바비'가 중국에 상륙하며 남긴 수증기가 한반도로 유입되며 화요일과 수요일, 전국 곳곳에서 비바람이 예상됩니다. 태풍 '바비'는 13일(월) 15시쯤 중국 칭다오 남서쪽 약 280㎞ 부근에서 열대저압부로 세력이 약화했습니다.",사회/세계
마흔 살 미술관에 ‘빛’ 더하니. 익숙한 공간이 한껏 달라졌다,"국립현대미술관 과천관 새 전시 청계산 자락에 안긴 국립현대미술관 과천관에서는 자연과 건축, 예술이 만난다. 건축가 김태수는 전통 건축의 공간 구성을 재해석했다.",문화/트렌드
"순교의 피부터 유관순의 숨결까지. 한 도시 안, 서로 다른 믿음의 흔적을 잇다","원도심 종교 유산 연결 ‘공주 이음길’ 불교·천주교·개신교·동학·유교 박해와 순교의 역사·항일의 자취 여러 시대 사건·기억 따라가는 길 짙은 회색 돌판에는 이름들이 빼곡했다. 박바울로(45세) 삽다리인, 고선양(65세)과 장남(25세) 및 차남(22세), 맏며느리(25세)와 막내며느리(21세).",라이프
‘4시간 하이라이트’가 길다고요?. 원작은 도시락 싸서 나흘 봅니다,바그너 ‘니벨룽의 반지’ 총 15시간 넘는 4부작의 요약본 북유럽 신화에 바탕 둔 대서사시 장시간 공연에 독특한 풍경 연출 공연 시간은 4시간. 웬만한 오페라 한 편보다 길다.,문화/트렌드
나도 바퀴벌레다,"The Specials ‘Ghost Town’(1981) 1981년, 영국 코번트리는 자동차 산업의 붕괴와 함께 무너져가고 있었다. 상점은 문을 닫았고, 실업률은 20%에 육박했다.",사회/세계
피자를 기다리며,피자를 기다리며 반달 모양 엄청 큰 칼로 피자를 잘라주는 코너가 있어 롯데슈퍼엔 붙잡혀 피자를 기다리고 있다보니 매장엔 행텐 티셔츠 5천원 동남아 노동자들 옷을 들어올려 자기 가슴에 대본다 멀리서 나도 괜히 가슴에 대봤다 -김영승(1958~) --------------- 시인은 피자 가게에서 피자가 구워지길 기다린다. 그 가게는 큼직한 칼로 잘라서 손님에게 내주므로 조각달 같은 피자를 먹을 수 있는 곳이다.,라이프
다정한 경쟁이 가능할까,고등학교에 강의를 가면 많이 듣는 질문이 있다. “다정한 경쟁이 가능합니까?” 하는 것이다.,라이프
7월 13일 월요일,"당신의 수호성이 속삭이는 오늘의 별자리 운세와 함께, 빛나는 하루를 위한 우주의 이정표를 찾아보세요. ♑️ 염소자리 (12.22 ~ 1.19): 꾸준히 쌓아온 노력이 결실을 맺는 시기가 도래하는군요.",라이프
내 목소리가 '레게 비트' 됐네,"더스쿠프 Life+Brand 쇼트폼 더스쿠픽 130편 EP-40 Riddim 휴대할 수 있는 레게 음악 메이커 400개가 넘는 사운드 연주해 하나씩 음악 쌓아가는 재미 # 버튼만 눌렀는데 레게 비트가 완성된다고? 언뜻 보면 계산기처럼 생긴 이 물건, 사실은 음악을 만드는 기계입니다.",라이프
45세부터는 오래 걷기보다 '이렇게'. 지방 잘 타는 걷기 5가지,러닝머신과 각종 유산소 운동기구는 접근성이 높고 누구나 쉽게 시작할 수 있는 대표적인 운동이다. 다만 같은 동작을 반복하는 운동은 시간이 지날수록 자극이 줄어 운동 효과와 지속성이 떨어질 수 있다.,라이프
북항 ‘카르멘’이 남긴 과제,"11~12일 부산 북항 랜드마크 부지에서 열린 야외 오페라 ‘카르멘’(작곡 조르주 비제)은 도시의 변화를 상징적으로 보여준 장면이었다. 별빛과 바다를 배경으로 약 5000명의 시민이 함께한 공연은, 북항이라는 공간이 문화 무대로 확장되고 있음을 실감하게 했다.",문화/트렌드
“심장마비 올뻔”. 박준형 몸 망친 ‘비타민 복용법’은?,댄스그룹 지오디(god)의 맏형 박준형이 비타민 과다 복용으로 부정맥 진단을 받은 사연을 전했다. 11일 가수 딘딘의 유튜브 채널 ‘딘딘은 딘딘’에 출연한 박준형은 코로나 팬데믹 시기에 겪었던 비타민 과다 복용 사례를 이야기했다.,라이프
"한강 “글로 세상과 ‘연결’되는 기적, 그 감각을 담고 싶다···쓰고 싶은 소설 3개""","한강 작가, 프랑스 ‘아비뇽 페스티벌’에서 90분 대담 ‘어떻게 눈 위에 흔적을 남길까’ 주제로 망각에 맞서는 문학의 의미 풀어 차기작에 대해 “쓰고 싶은 소설 3개”. 행사장 가득 메운 관객들 ‘초집중’ 세계 최대 공연예술축제가 열리고 있는 프랑스 아비뇽.",문화/트렌드
잠 못 자면 혈당 올라간다? 혈당 치솟게 만드는 뜻밖의 원인 6가지,"수면 부족, 약물 등 혈당 높이는 원인들 혈당은 음식뿐 아니라 수면, 스트레스, 호르몬 변화, 복용 중인 약물, 감염 등 다양한 요인의 영향을 받는다. 평소 식단을 잘 관리하고 있는데도 혈당이 예상보다 높게 나온다면 생활습관이나 건강 상태를 함께 살펴볼 필요가 있다.",라이프
한밤중에 자꾸 깬다면. 스마트폰보다 먼저 살펴야 할 것,"잠들었다가 새벽 2시쯤 갑자기 눈이 떠지고, 다시 잠들지 못해 뒤척이는 사람이 적지 않다. 이런 현상은 단순히 몸이 덜 피곤해서가 아니라, 스트레스로 인해 뇌가 계속 '경계 상태'를 유지하기 때문일 수 있다.",라이프
부산항 북항 찾은 ‘카르멘’. 오페라 도시 부산 첫발,"오페라하우스 배경으로 정명훈과 APO의 명품 선율 울려 후덥지근한 날씨 속 배우들의 열연에 관객 환호로 화답 부산오페라하우스의 성공적인 개관을 기원하며 부산항 북항에서 열린 오페라 ‘카르멘’ 공연이 시민들의 뜨거운 관심 속에 성황리에 막을 내렸다. 지난 11일부터 12일까지 이틀간 부산항 북항 특설무대에서 펼쳐진 이번 공연은 클래식부산 예술감독 정명훈이 지휘를 맡고, 아시아필하모닉오케스트라(APO)와 국내외 정상급 성악가들이 호흡을 맞추며 수준 높은 무대를 선보였다.",문화/트렌드|라이프
남녀 20명 뽑는데 4225명 지원. 낙산사 '나는 절로' 5쌍 탄생,"강원·수도권 미혼남녀 20명 참가 차담·블라인드 데이트·플로깅 진행 전국에서 4225명이 신청한 미혼남녀 만남 프로그램 '나는 절로, 낙산사'에서 최종 5쌍의 커플이 탄생했다. 대한불교조계종사회복지재단은 강원관광재단과 지난 11일부터 12일까지 강원 양양 낙산사에서 진행한 '나는 절로, 낙산사'를 마무리한 결과 참가자 20명 가운데 10명이 최종 커플로 연결됐다고 12일 밝혔다.",라이프
"작가 한강 ""정치적 글쓰기와 내면적 글쓰기 나뉘지 않아""","제80회 아비뇽 연극 축제서 독자들 만나. 노벨상 수상 후 첫 공개 활동 ""작품서 보편적 인간에 대해 이야기.",문화/트렌드
경기 25개 시군에 열대야주의보. 올해 첫 재난안전본부 1단계 가동,경기도가 화성 등 도내 25개 시군에 열대야주의보가 발효됨에 따라 올해 첫 폭염 대응 재난안전대책본부 비상1단계를 가동한다고 오늘(12일) 밝혔습니다. 경기도는 도 전역에 폭염특보가 발효 중인 가운데 열대야주의보까지 확대되자 폭염 위기 경보를 심각 단계로 격상하고 기존 합동전담팀 운영체계를 이날 오후 6시부터 재난안전대책본부 체계로 전환했습니다.,사회/세계|라이프
한강 “문학은 우리를 삶으로 한 발 나아가게 한다”···아비뇽서 전한 ‘연결의 기적’,"아비뇽 페스티벌 대담 참석한 한강 노벨문학상 수상 이후 오랜만에 공식 석상 참여 “봉주르” 인사, 회랑 꽉 채운 관객들은 ‘초집중’ 기억과 망각, 흔적을 남기는 문학의 의미 말해 절망적인 문학도 “혼자가 아니구나” 느끼게 해 “세상과 연결돼 있다는 것이 기적” 세계 최대 공연예술축제가 열리고 있는 프랑스 아비뇽. 12일(현지시간) 한낮의 뜨거운 햇살이 내리쬐는 생루이 회랑(Cloître Saint-Louis)은 한강 작가를 만나기 위해 모인 관객들로 가득 찼다.",문화/트렌드
천안 비닐하우스서 80대 숨지는 등 충남서 온열질환 6명 접수(종합),대전과 충남 일부 지역에 폭염경보가 내려진 가운데 12일 충남 천안에서 80대가 비닐하우스 작업 중 숨지는 등 모두 6명의 온열질환자가 발생했다. 충남소방본부에 따르면 이날 오후 4시 42분께 천안시 입장면의 한 비닐하우스 내에서 A(80대)씨가 숨진 채 발견됐다.,사회/세계|라이프
"제18회 한국장로교의 날. ""한국교회 회복 위해 공적 책임 다짐""","장로교 26개 교단 연합 한장총. ""교회의 본질·공공성·사명 회복"" 2027 평양대부흥 120주년 앞두고 영적 부흥 강조 비전선언문 발표.",라이프
“반도체 때문에” 탈원전감축. 기후부의 ‘원전 변심’,"재생에너지 후퇴 우려 김성환 기후에너지환경부 장관이 반도체와 인공지능(AI) 산업단지 전력 공급을 이유로 추가 원자력발전소 건설 검토 필요성을 언급하면서, 기후부의 재생에너지 중심 에너지 전환 기조가 후퇴하는 것 아니냐는 우려가 나온다. ‘탈원전’ 인사로 분류됐던 김 장관은 취임 이후 ‘감원전’을 거쳐 최근에는 원전 증설 가능성까지 열어뒀다.",경제|IT/과학
"제주 4·3, 판소리, 한강 소설 낭독. 세계 최대 공연축제 주인공은 ‘한국’",한글로 물든 ‘아비뇽 페스티벌’ 공식 초청 언어로 한국어 선정 아시아·단일 국가 언어 중 최초 한식 부스·K팝 버스킹도 진행 프랑스 남부의 작은 고도(古都) 아비뇽이 한국어로 물들고 있다. 교황청 광장을 중심으로 수백개의 공연 포스터가 도시를 뒤덮은 가운데 거리 곳곳의 안내판에는 프랑스어와 한국어가 나란히 적혀 있다.,문화/트렌드|라이프
"전국 대부분 지역 열대야주의보. ""취침 전 실내 온도 확인""","폭염주의보' 수준 지역서 밤 최저 25도 예상 때 발표 기상청, 실내온도 확인·물 한잔·취약계층 안부 당부 (서울=뉴스1) 서울 전역을 포함한 전국 대부분 지역에 12일 오후 5시부터 열대야주의보가 내려졌다. 기상청은 △경기도 대부분 지역 △강원도 양구 산지 △충남 공주·아산·논산·부여·예산 △전북 남원 △경북 구미·영천·청도·고령·성주·상주·예천·의성·김천 북부·안동 서부·경주 중북부 △경남 의령·함안·진주·통영·사천·거제·고성·남해·하동 남부·산청 동남부·합천 남부 △제주도 서귀포시 남부 △인천 영종·남부·북부 △대구 군위·달성 북부 △부산 동부 △울산 △울릉도·독도 등 지역에 열대야주의보를 발표했다고 밝혔다.",사회/세계|라이프
‘8kg 감량’ 조혜련 “간식으로 ‘이 음식’ 먹어”. 뼈말라 몸매 유지 비결?,"방송인 조혜련 몸매 관리 비결 8kg을 감량해 화제가 된 방송인 조혜련(55)이 체중 유지 노하우를 공개했다. 최근 유튜브 채널 '조회련: 조혜련'에는 '52kg 갈비뼈 보이는 조혜련의 충격적인 건강 상태ㅣ조혜련 다이어트, 인바디 결과'라는 제목의 영상이 올라왔다.",라이프
강원서부보훈지청 ‘기억을 그리다: 호국영웅의 젊은 날’ 전시회,7월10일~19일 애니메이션박물관서 진행 ‘기억을 그리다: 호국영웅의 젊은 날’ 전시회가 오는 19일까지 애니메이션박물관 창작발전소에서 열린다. 강원서부보훈지청은 지난 10일 애니메이션박물관 창작발전소에서 ‘기억을 그리다: 호국영웅의 젊은 날’ 전시회 개막식을 진행했다.,문화/트렌드
"“자폐 걱정돼요” 임신 중 타이레놀, 적정 용량은 괜찮아요","산모 궁금증 Q&A 자폐 연관성 없어. 고열 참으면 되레 부담 자궁 수술한 경우 합병증 위험 잘 살펴야 임신·출산을 둘러싼 의학 정보는 많지만, 산모 입장에서는 무엇을 믿어야 할지 헷갈릴 때가 많다.",라이프
"당뇨병 환자, 80세 넘으면 치매 사망 더 가파르게 증가","당뇨병 환자에서 치매로 숨지는 사례가 고령층을 중심으로 빠르게 늘고 있다는 연구 결과가 나왔다. 심혈관질환 치료가 발전하면서 당뇨병 환자의 수명이 길어졌고, 그만큼 치매가 새로운 건강 부담으로 떠오르고 있다는 분석이다.",라이프
하양읍 최고 39.9도. 경산·포항 첫 ‘폭염중대경보’ 발령,올해 도입 ‘최고 단계’. 야외 활동 중단 등 ‘생존 수칙’ 준수해야 이중 고기압에 고온다습 공기 유입.,사회/세계
‘김부장’ 6회 시청률 22% 돌파. SBS 금토드라마 역대 2위,소지섭 주연의 액션 드라마 ‘김부장’이 시청률 22%를 돌파하며 또다시 자체 최고 시청률을 기록했다. 12일 시청률 조사회사 닐슨코리아에 따르면 전날 방송된 SBS 금토드라마 ‘김부장’ 6회 시청률은 22.3%(전국 기준)로 집계됐다.,문화/트렌드
"""백종원 대패삼겹살 창시자 아냐"" 법원은 PD의 손을 들었다",“미디어와 프랜차이즈의 부적절한 공생관계 고발” 공익 취지 인정 백종원 더본코리아 대표와 미디어의 공생 속 벌어지는 문제를 지속적으로 비판해온 PD가 소송에서 승소했다. 재판부는 김재환 PD의 의혹 제기가 미디어와 프랜차이즈 간 부적절한 공생관계를 고발해 '알 권리 실현'에 부합한다고 판단했다.,사회/세계
강풍주의보' 제주 항공편 줄줄이 결항. 내일 출근 어쩌나,일부 배편도 기상악화로 운항 취소 시설물 피해도 수십건 제주에 이틀 연속 강풍 특보가 발효되면서 비행기 운항에 차질이 생기고 있다. 12일 제주지역에 초속 20ｍ 이상의 강한 바람이 부는 가운데 제주시 내 가로수가 강풍에 꺾여 있다.,사회/세계
"“바가지요금 옛말”. 강원 해수욕장, 두번째 주말도 ‘20만 피서객’ 동원","6말7초 개장 동해안 해수욕장, 누적 손님 50만 現 84곳 열려. 17일 양양 물치해수욕장 마지막 강원 동해안에서 개장한 해수욕장들이 2주 연속으로 주말 20만 관광객을 동원했다.",라이프
전남광주서 온열질환 잇달아. 들일하던 70대들 병원 이송,"12일 오후 3시 55분께 전남광주 보성면에서 밭일하던 A(70대) 씨가 열탈진, 어지러움 등을 호소해 인근 병원으로 이송됐다. 이날 오전 10시 42분께 전남광주 나주시 문평면에서도 농사일을 하던 B(70대) 씨가 열탈진 증상으로 병원에 이송됐다.",사회/세계
"""대학생 언니처럼 입을래요"". 배꼽 가린 크롭티 '불티'","초등학생 옷장 점령한 옷 초등학생들 사이에서는 반팔 티셔츠 위에 민소매를 겹쳐 입거나 바지 위에 치마를 덧입는 ‘레이어드룩’이 최근 인기다. 여성복 시장에서 유행한 크롭티와 원숄더, 걸코어 스타일도 아동의 체형과 활동성에 맞춘 ‘언니룩’으로 재해석돼 빠르게 확산하고 있다.",라이프|사회/세계
"월요일도 전국에 무더위, 곳곳 소나기. 대구 낮 최고 37도",월요일인 13일에는 전국에 가끔 구름이 많은 가운데 밤부터 차차 흐려질 것으로 보인다. 오후에는 강원 동해안을 제외한 중부지방과 전북을 중심으로 소나기가 내리는 곳도 있다.,라이프
"임영웅, 'ULSSIGU' 뮤비 1400만뷰 쾌거 이룩",가수 임영웅의 'ULSSIGU' 뮤직비디오가 1400만뷰를 넘어서는 쾌거를 이룩했다. 임영웅 공식 유튜브 채널에 게재한 'ULSSIGU' 오피셜 뮤직비디오는 최근 누적 조회수 1400만회를 돌파했다.,문화/트렌드
“사람이길 거부한 존재 폭로. ‘친일인명사전’ 읽으며 써내려가”,"인간과 비인간의 경계 묻는 기담집 ‘인비인’ 펴낸 성해나 작가 “수많은 이가 지켜온 기반 흔들려 역사 청산이 제대로 안 이뤄진 탓 불의에 맞서는 것은 작가의 사명” 전작 ‘혼모노’ 40만부 이상 판매 한국 문학계의 차세대 주자 주목 차기작 장편소설 9월 출간 예정 ‘소설가 성해나의 기담집.’ 최근 출간된 소설집 <인비인>(한겨레출판)은 이 짧은 설명으로 소개가 가능하다. 지난해 출간돼 40만부 이상 판매된 <혼모노>로 한국 문학계의 차세대 주자로 이름을 올린 성해나의 신작인데, 게다가 기담이라니.",라이프
"상반기 ‘연극 티켓’ 판매액, 작년의 2배","6월까지 759억원으로 ‘역대 최고’ 가격 비싼 글로벌 IP 흥행이 견인 예매 1위 ‘센과 치히로의 행방불명’ 대형 글로벌 지식재산권(IP) 작품 인기에 힘입어 올 상반기 연극 티켓 판매액이 지난해 같은 기간보다 2배 이상 급증했다.12일 공연예술통합전산망(KOPIS)에 따르면 올해 1~6월 연극 장르의 총티켓 판매액은 약 759억원으로 집계됐다. 이는 지난해 같은 기간(370억2000만원)의 2배를 넘은 수치로, KOPIS에서 확인할 수 있는 첫 집계인 2014년 이후 최고치다.",경제|문화/트렌드
출근길 경제경영. 낮엔 판타지·무협. 침대선 로맨스,"‘밀리의서재’ 10년, 소설로 넘어간 ‘읽기’ 이용자 분석 ‘독서라는 사건’ 펴내 ‘내 서재’에 분야별 골고루 담지만 최근 헤비 유저들 사이 소설 강세 아침에는 경제경영, 점심에는 판타지·무협, 밤에는 로맨스를 읽는 독자가 많다는 데이터가 공개됐다. 독서 플랫폼 밀리의서재가 창립 10주년을 기념해 내놓은 책 <독서라는 사건>(밀리의서재·정유라 지음, 오리지널스)에는 밀리의서재 데이터를 기반으로 한 독자 분석 결과가 수록됐다.",문화/트렌드
커다란 렌즈구름 떠오른 제주 하늘,제9호 태풍 바비의 간접영향으로 강한 바람이 분 12일 오후 제주시 이호테우 빨강말등대에서 바라본 남쪽 하늘에 커다란 나선형 렌즈구름이 떠올라 시선을 사로잡고 있다. 2026.07.12.,사회/세계
"동해안 해수욕장, 모두 피서객 맞이. 첫 주말 20만명 '풍덩'","강원도 동해안 해수욕장이 모두 문을 열고 피서객 맞이에 나섰고, 첫 주말 20만명이 몰렸다. 12일 강원도에 따르면 이날 도내 84개 해수욕장 방문객은 9만5064명으로 집계됐다.",라이프
"""여보, 선크림 챙겼어?"". 해외여행 갔다가 공항서 '낭패'","보조배터리 기내 반입 기준 강화 전자담배 금지국 확대·귀국 시 의약품·식품 검역도 주의 7월 본격 여름휴가 시즌이 시작되면서 해외여행객이 늘어나는 가운데 올해는 출국부터 현지 체류, 귀국까지 여행객이 확인해야 할 규정의 변화가 많다. 보조배터리 기내 반입 기준이 강화됐고 일부 국가는 전자담배를 전면 금지했다.",라이프
“누가 자꾸 내 이름 부른다”. 50세女 정신병인 줄 알았는데 ‘이것’ 탓?,2년간 환청 지속돼 항정신병약 3종 복용. 사실은 청력손실 때문 자신의 이름을 부르고 특정 행동을 지시하는 목소리가 들려 정신병 진단까지 받았지만 사실은 청력손실 탓이었다는 한 여성의 사연이 전해졌다.,라이프
"""과일 참 맛있는 계절"". 무더위 속 꼭 먹어야 할 여름 과일 5가지","여름은 과일이 가장 맛있어지는 계절이다. 복숭아와 수박, 자두, 참외 등 제철 과일이 시장과 마트를 가득 채우는 시기이기도 하다.",라이프
월요일도 전국 찜통더위. 낮 최고 37도·내륙 중심 소나기,"전국 곳곳에 폭염특보가 발효된 가운데 체감온도가 33도 안팎에 이르는 무더위가 당분간 지속될 것으로 보인다. 월요일인 13일 역시 낮 기온이 최고 37도까지 오르는 가운데 내륙 일부 지역에 소나기가 예보돼 있으나, 무더위를 크게 누그러뜨리기는 어려울 전망이다.",라이프
군대식'으로 대충 하나만 바르고 끝?. 한국 남자만 그랬다,"오세성의 脫아재 (5) ""아침에 올인원 하나면 끝인 줄 알았는데"" 해외는 여러 제품 조합. 국내 올인원도 세분화 '스킨·로션 하나로 간편하게 끝.' 국내 남성 화장품 시장을 가장 잘 설명하는 문장이다.",라이프
서울 전역 '열대야주의보'. 오늘 낮 기온 35도까지 올라,"내일 서울 최고 체감온도 34도 전망 ""당분간 폭염·열대야 지속"" 서울 전역에 열대야주의보가 발효됐다. 전날 첫 열대야에 이어 무더운 밤이 당분간 지속될 전망이다.",사회/세계|라이프
월요일도 '찜통더위'⋯전국 곳곳 소나기,"전국 대부분 지역에 폭염특보가 발효된 가운데, 월요일인 13일에도 낮 최고기온이 37도까지 오르며 더위가 기승을 부리겠다. 내륙을 중심으로 소나기가 내리겠지만 무더위를 식히기에는 부족할 것으로 보인다.",라이프
오늘의 날씨- 2026년 7월 13일,"낮엔 폭염, 밤엔 열대야 13일 부산 경남 울산은 폭염주의보가 발효된 가운데, 최고 체감온도 33도로 무덥고, 밤사이 열대야가 나타나는 곳도 있겠다.",라이프
"로봇 투입 예고. 현대차 노사, '완전 월급제' 논의 수면 위로",임단협 교섭서 연구 용역 추진. 공동 TF 구성 해외 완성차 업계 임금 운용 체계 등 참고 (서울=뉴스1) 현대자동차(005380) 노사가 로봇과 피지컬 인공지능(AI) 등 미래 생산환경 변화에 대응하기 위해 '완전 월급제' 도입 방안을 논의한다.,IT/과학|라이프
경북 경산·포항에 첫 ‘폭염중대경보’(종합),올해 신설 최상위 단계 경보 ‘극한더위’를 경고하고자 도입된 ‘폭염중대경보’가 12일 경북 경산시와 포항시에 처음 발령됐다. 기상청은 이날 오전 10시를 기해 경산시와 포항시에 폭염중대경보를 발령하고 즉시 야외활동을 멈출 것을 권고했다.,사회/세계
韓에서 열린 이자이 국제음악콩쿠르 우승자는 크리스티나 남,"벨기에 ‘이자이 콩쿠르’ 최초의 한국 결선 미국 크리스티나 남·중국 진 야란 우승 한국에서 열린 벨기에 ‘이자이 국제음악콩쿠르(Ysaÿe International Music Competition)’의 우승자는 미국 출신의 크리스티나 남(24)이었다. 콩쿠르 측은 경기도 이천아트홀에서 전날 막을 내린 ‘2026 이자이 국제음악콩쿠르’에 서 니어 부문 1위로 미국의 남 크리스티나(24), 2위는 일본의 나카타니 테츠타로(17), 3위는 벨기에의 치코시 빌모스(30)가 선정됐다고 밝혔다.",문화/트렌드|사회/세계
삼성 구자욱에 “얼굴로 밀어붙여”. 고개 숙인 박지영 아나운서,스포츠 아나운서 박지영이 프로야구 삼성 라이온즈 소속 구자욱과의 인터뷰 과정에서 불거진 논란에 대해 사과했다. 박지영은 12일 자신의 인스타그램 스토리를 통해 “구자욱 선수 MVP 인터뷰와 관련해 불편함을 느끼신 팬 여러분께 진심으로 사과드린다”고 적었다.,문화/트렌드|사회/세계
"기이함 속의 산책, 티라노 사우르스의 포효. 홀슈캐넌과 공룡박물관","캐나다 로맨틱 투어코스 ‘이 사랑 통역 되나요?’ 촬영지를 찾아서 ⑤홀슈캐넌과 로얄 티렐 박물관 캘거리 인근에는 로키 산맥 뿐만 아니라 드넓은 평원 지대도 있다. 그 속에서 오랜 세월의 침식으로 형성된 지형들이 있는데, 그 중 배드랜즈 지역은 독특한 풍경으로 유명하다.",라이프
"iM금융그룹, 금융체험파크로 전 세대 포용금융 교육 강화","지난해 2만9000명 금융교육. 전 세대 맞춤형 프로그램 운영 iM금융그룹이 금융체험파크를 중심으로 아동부터 노인, 장애인까지 전 세대를 대상으로 한 금융교육을 확대하며 포용금융 실천에 나선다.",경제|라이프
사업 공모 앞당기고 AI융복합 예술 지원. 과감한 혁신,"부산 예술 지원 패러다임이 바뀐다 <중> 3.0체제 필요성과 새 방향 - 공모 시점 11월서 4개월 앞당겨 - 예술단체 공연설계 어려움 해소 - 타지역 앞선 부산문화재단 대응 - 소액다건·단순 창작지원 탈바꿈 - 확장과 확산, 장기적 성장 지향 - 급변하는 사회·예술환경에 응전 - 지속적 예산 확대가 변화 디딤돌 - 올해 문학 분야 해외유통 첫시도 - 융복합 분야 큰 관심·수요 확인 이 시리즈 ‘부산 예술 지원 패러다임이 바뀐다’ 취재 중 또 한 가지 큰 변화가 준비되고 있다는 사실을 알게 됐다. 부산문화재단은 내년(2027년) 부산문화예술지원사업 가운데 ‘우수예술’의 공연 부문 상반기 공모 공고를 예년보다 크게 앞당겨 이달(7월) 중 낼 계획이다.",IT/과학|문화/트렌드|경제
"이종격투기 이어 카레이스. 트럼프 ""일생일대 행사""","다음 달 22∼23일(현지시간) 미국의 수도 워싱턴DC 한복판에서 미국 건국 250주년을 기념해 '인디카' 자동차 경주대회인 '프리덤 250 그랑프리'가 열립니다. 도널드 트럼프 대통령은 13일 백악관에서 열린 행사 사전 시연에서 대회 일정을 소개한 뒤 ""우리나라 수도에서 전례 없는 행사가 열릴 것""이라며 ""미국인의 애국심과 엄청난 마력, 독창성을 보여주는 멋진 무대가 될 것""이라고 말했습니다.",사회/세계|문화/트렌드
The voice of the people,"“Vox populi, vox dei” is Latin for “the voice of the people is the voice of God.” While frequently used to praise the principles of democracy, this ancient saying was originally meant as a caution against the potential risk of conflating the will of the masses with that of the divine. This ancient saying assumes a darker undertone when we reflect on the tragic passing of Korean actor Kim Sae-ron.",사회/세계
백악관서 UFC 경기하더니 이번엔 워싱턴서 카레이스,트럼프 “일생일대 행사” 건국 250주년 기념 인디카 대회 앞두고 백악관서 시연 행사 미국의 수도 워싱턴 DC 한복판에서 미국 건국 250주년을 기념해 ‘인디카’ 자동차 경주대회인 ‘프리덤 250 그랑프리’가 열린다. 도널드 트럼프 대통령은 13일 백악관에서 열린 행사 사전 시연에서 다음달 22~23일 대회가 열린다고 소개했다.,문화/트렌드|사회/세계
8강 신화 노르웨이 금의환향. 왕세자 북치고 10만 팬과 '노젓기',"국제축구연맹(FIFA) 월드컵에서 사상 처음 8강에 오르며 새역사를 쓴 노르웨이 축구대표팀이 금의환향했다. 로이터통신은 14일(한국시간) ""10만 명이 넘는 팬이 노르웨이 수도 오슬로 거리를 가득 메우며 축구 대표팀을 영웅처럼 맞이했다.",문화/트렌드
"브라질 룰라, 트럼프 호르무즈 안전비용 징수 선언에 ""해적질""","""오랫동안 해적행위와 싸우던 강대국이 해적 되어서야"" (서울=뉴스1) 루이스 이나시우 룰라 다 시우바 브라질 대통령은 13일(현지시간) 도널드 트럼프 미국 대통령이 호르무즈 해협 통과 선박에 '안전 비용' 명목으로 막대한 통행료를 부과하려는 데 대해 미국을 ""해적 국가로 만들 것""이라고 비판했다. AFP통신에 따르면 룰라 대통령은 이날 상파울루에서 열린 행사에서 ""트럼프 대통령이 호르무즈 해협을 열겠다고 트윗했다""며 ""하지만 해협을 통과하도록 허용되는 선박마다 원유 소유주에게 20%를 내도록 했다""고 지적했다.",사회/세계
"돌연사' 측근 유지 따르나. 트럼프, 대러 제재 전격 지지","도널드 트럼프 미국 대통령이 최근 갑작스럽게 세상을 떠난 측근 린지 그레이엄 상원의원의 뜻을 이어, 그동안 반대해 온 대러시아 제재 법안을 지지하는 쪽으로 입장을 바꾼 것으로 알려졌습니다. 블룸버그 통신은 백악관 당국자를 인용해, 상원에 계류 중인 이 법안에 러시아산 원유와 천연가스는 물론 이를 수입하는 국가까지 제재하는 강력한 내용이 담겨 있다고 보도했습니다.",사회/세계
"우주공간의 ""달콤한 발견""?. 천문학계, 별들 사이에 숨은 설탕분 추적","스페인 우주생물학자들, 13일 발간된 학회지에 발표 은하계 중심의 가스 · 먼지 구름 입자 성분 분석 연구 ""인류 생명의 근원 연구와 밀접. 타 생명체도 가능"" 우주 공간의 행성들 사이 공간이 좀 더 달콤해진 것으로 확인되었다.",IT/과학
"""백악관, '전기요금 남부자 보호 서약' 확대 추진""",미국 백악관이 인공지능(AI) 데이터센터에 들어가는 전력 비용이 일반에 전가되지 않도록 하는 '자발적' 서약 참여를 확대하고 있다고 로이터 통신이 13일(현지시간) 보도했다. 앞서 도널드 트럼프 대통령은 지난 2월 백악관에서 빅테크 기업 경영진과 '요금납부자 보호 서약'에 서명했다.,사회/세계
"VAR헨티나' 조롱까지. 2연패 앞둔 아르헨티나, 월드컵 판정 특혜 논란 '시끌'","2026 북중미 월드컵에서 준결승에 오르며 대회 2연패에 다가선 아르헨티나가 연이은 판정 수혜 논란에 휩싸였습니다. 축구팬들 사이에서는 아르헨티나가 비디오 판독과 국제축구연맹의 혜택을 가장 크게 받았다며 'VAR헨티나', 'FIFAtina'라는 조롱 섞인 별명까지 등장했습니다.",문화/트렌드|사회/세계
"무료항행' 외치던 트럼프, 돌연 ""20% 받겠다"" 선언. 논란 확산","""국제수로 통행료·수수료 불가"" 기존 美정부 입장과 정면 배치 ""국제법 위배는 물론 화주 감당 불가능 수준으로 현실성 없어"" (서울=뉴스1) 도널드 트럼프 미국 대통령이 호르무즈 해협을 지나는 화물을 보호해 주는 대가로 선적 화물의 20%에 해당하는 비용을 받겠다고 밝히면서 법적·현실성 논란이 커지고 있다. 호르무즈 해협은 전 세계 원유·액화천연가스(LNG)의 핵심 수송로로서 미·이스라엘과 이란 간 전쟁 발발 이후 선박 통항 안전 문제가 국제적 쟁점으로 떠오른 상황이다.",사회/세계
映画「鬼滅の刃」 韓国で8月に再上映へ＝昨年570万人動員,【ソウル聯合ニュース】韓国で昨年ヒットした日本の人気アニメ映画「劇場版『鬼滅の刃』無限城編 第一章 猗窩座再来」が来月、公開1年に合わせて再上映される。輸入会社アニプラスが14日、発表した。 韓国で昨年8月に公開された同作は観客570万人を動員し、韓国で公開された日本映画のうち観客数1位を記録した。今年3月にはシネマコンプレックス（複合型映画館）大手CGVで単独再上映され、11万人を超える観客を動員した。 来月の再上映では公開1年を記念して観客に特典が贈られるなど、さまざまなイベントが企画される予定だ。.,사회/세계
GUATEMALA ARCHEOLOGY,"Guatemala unveils new Mayan hieroglyphics findings Guatemala's Minister of Culture, Luis Mendez Salinas, speaks during a press conference presenting findings in Mayan hieroglyphics at the National Palace of Culture in Guatemala City, Guatemala, 13 July 2026.",사회/세계
"월드컵 맹활약' 김민재, 다음 시즌도 뮌헨 유니폼 입는다","""엄청난 제안 들어오지 않는 이상 동행"" 한국 남자 축구 대표팀 핵심 수비수 김민재(30)가 소속팀 독일 프로축구 분데스리가 바이에른 뮌헨과의 동행을 이어갈 전망이다. 스포츠 매체 '스카이스포츠 독일판'은 14일(한국 시간) ""수비수 김민재는 더는 뮌헨의 방출 대상이 아니다""라는 제목의 기사를 보도했다.",문화/트렌드
"UAE ""자국 유조선 이란 공격 받아. 인도 국적 선원 1명 사망""","(상보) 아랍에미리트(UAE) 정부가 자국 유조선이 이란 공격을 받았다고 밝혔다. UAE 국방부는 13일(이하 현지시각) SNS 엑스(X·옛 트위터)를 통해 ""UAE 유조선 몸바사호, 알바히야호가 오만 영해 내 호르무즈 해협 남쪽 항로에서 이란 순항미사일 2발을 맞아 인도 국적 선원 1명이 사망했다""고 발표했다.",사회/세계
Panel to hold final negotiations on next year's minimum wage,"minimum wage-panel Panel to hold final negotiations on next year's minimum wage SEOUL, July 14 (Yonhap) -- Next year's minimum wage is likely to be determined as early as Tuesday, as the Minimum Wage Commission (MWC) was set to hold final negotiations at its 14th plenary meeting later in the day. The MWC, a trilateral panel composed of nine representatives each from labor, management and the general public, is obliged to complete its review on the new minimum wage by mid-July for a formal announcement by the labor minister by Aug.",사회/세계
미-이란 다섯 번째 공방전. 다시 불안해진 호르무즈,미군이 13일(현지시각) 이란에 대한 공습을 재개했다. AFF통신에 따르면 미 중부사령부(CENTCOM)는 그리니치 표준시(GMT) 기준 20시 45분에 공습이 시작됐다고 발표했다.,사회/세계
APTOPIX Iran War Strait of Hormuz,"APTOPIX Iran War Strait of Hormuz Three boys play in the shallow waters of the Strait of Hormuz, as a plume of smoke rises from an explosion in the background, off Bandar Abbas, Iran, Monday, July 13, 2026.",사회/세계
All Star Home Run Derby Baseball,"All Star Home Run Derby Baseball St. Louis Cardinals' Jordan Walker competes during the MLB baseball All-Star Home Run Derby, Monday, July 13, 2026, in Philadelphia.",사회/세계
APTOPIX Lindsey Graham South Carolina,"APTOPIX Lindsey Graham South Carolina Newly appointed U.S. interim Senator Darline Graham Nordone, center, receives applause from Sen.",사회/세계
APTOPIX ICE Shooting Maine,"APTOPIX ICE Shooting Maine Attendees stand during a vigil after a man was shot and killed by U.S. Immigration and Customs Enforcement on Monday, July 13, 2026, in Biddeford, Maine.",사회/세계
혐의 부인하더니 “16세 학생과 성관계” 인정. 美 여교사 최대 1년형,남편이 휴대전화 메시지 확인 뒤 신고 유죄 인정 합의로 최고 5년형서 최대 1년 구금 가능성 미국에서 16세 학생과 성관계를 한 혐의로 재판에 넘겨진 20대 전직 교사가 결국 유죄를 인정했다. 애초 혐의를 부인했던 그는 검찰과 합의하면서 최대 5년이던 구금형을 1년 이하로 낮출 수 있게 됐다.,사회/세계
“‘폭매’는 끝났다”. 중국인들 일본서 화장품 대신 사들이는 뜻밖의 ‘이것’,"과거 일본을 찾은 중국 관광객들이 화장품과 전자기기를 대량 구매했다면, 최근에는 일본 부동산으로 관심이 옮겨가고 있다는 분석이 나왔다. 중국 제조업 경쟁력이 높아진 데다 엔화 약세가 이어지면서 일본 부동산이 상대적으로 저렴해진 영향으로 풀이된다.",라이프
"""원피스가 바지로"". 제멋대로 메타 AI에 광고주 '분통'","메타가 자사 소셜미디어 플랫폼에 도입한 인공지능(AI) 광고 생성 도구가 제품과 모델의 모습을 제멋대로 변형하는 등 잦은 오작동을 일으켜 논란이 일고 있습니다. 미국 경제 매체 비즈니스 인사이더에 따르면, 메타의 AI 도구는 자전거 핸들을 앞뒤로 두 개 달아놓거나 원피스형 잠옷을 상하의로 나누고, 심지어 여성 모델을 남성으로 교체하는 등 황당한 오류를 내고 있습니다.",IT/과학
"미 12개주, 파라마운트-워너 인수 제동. ""경쟁 사라질 것""",미국 캘리포니아를 포함해 12개 주 정부가 파라마운트와 워너브러더스 간 인수·합병에 제동을 걸었습니다. 캘리포니아를 포함해 애리조나와 뉴저지 등 12개 주 정부는 현지시간 13일 캘리포니아 북부연방지방법원에 파라마운트와 워너브러더스 간 인수·합병을 저지하기 위한 소송을 제기했습니다.,사회/세계
국제유가 등락 '이나라'가 틀어쥐고 있다,"NYT ""중국 수입물량 조절이 유가 향방에 최대 변수"" 국제 유가 등락에 중국의 원유 수입 물량 조절이 가장 큰 변수로 떠올랐다는 분석이 나왔습니다. 뉴욕타임스(NYT)는 지난 수십년간 석유수출국기구(OPEC)가 생산량 조절로 원유 시장에 영향을 미쳐왔지만, 이제는 최대 수입국인 중국이 상당한 영향력을 과시하고 있다면서 중국의 다음 행보가 유가 급등 여부를 좌우할 것이라고 현지시간 13일 보도했습니다.",경제|사회/세계
"숲에서 사라진 나무, 국적을 바꾸며 세계 시장으로 흘러간다","인도차이나 로즈우드 불법벌채, 초국경 범죄 네트워크로 연결된 공급망의 세네갈에서 베어진 나무는 국경을 넘어서 감비아의 항구로 운반됐다. 캄보디아와 라오스는 국경을 넘어서 베트남의 항구로 간다.",사회/세계
"美, 사흘째 이란 공습에 전면전 위기. 유조선 피격·1명 사망(종합)","미군, 대이란 해상봉쇄 재개. 트럼프 ""안전비용 20% 부과"" 이란 미군시설 보복 공격.",사회/세계
이란보고 불법이라던 트럼프 “통행료 받겠다” 선언. “경찰이 해적 된 꼴”,"트럼프 “오늘도 내일도 이란 강하게 타격할 것” “호르무즈 안전은 미국 책임“. 통행료 부과 방침 한 달 전까지는 “국제수로 통행료 부과는 불법” 美, 국제질서 수호자서 파괴 당사자로 변질하나 도널드 트럼프 미국 대통령이 호르무즈해협을 둘러싼 대이란 압박 수위를 한층 끌어올리면서도 미국도 해협 통항에 통행료를 받겠다고 선언해 국제사회에 충격을 주고 있다.",사회/세계
창가 좌석 샀는데 창문이 없다?. 유나이티드항공 집단소송,미국 유나이티드항공이 창문 없는 좌석을 '창가 좌석'으로 판매해 추가 요금을 받은 것을 두고 미국에서 소비자 집단소송에 휘말렸다. 12일(현지시간) 영국 인디펜던트에 따르면 미국 샌프란시스코 연방법원은 유나이티드항공이 제기한 집단소송 기각 요청을 받아들이지 않았다.,사회/세계
"""OPEC 대신 중국이 결정"". '중 수입물량' 국제유가 최대 변수","국제 유가 향방을 결정짓는 최대 변수로 석유수출국기구(OPEC)의 생산량이 아닌 '최대 수입국' 중국의 물량 조절 능력이 떠올랐다는 분석이 나왔습니다. 미국 뉴욕타임스는 이란 전쟁 발발 이후 호르무즈 해협이 막히며 유가가 급등했지만, 중국이 올봄 원유 구매량을 대폭 줄이면서 유가 추가 상승에 확실한 제동을 걸었다고 보도했습니다.",경제|사회/세계
"美국무부, 쿠바 국영기업·민병대·관광부 추가 제재. 압박 강화","(서울=뉴스1) 미 국무부가 13일(현지시간) 쿠바 국영기업과 민병대, 관광부 등에 추가 제재를 부과해 압박을 강화하고 나섰다. AFP에 따르면, 이번 제재 목록에는 쿠바의 민간 준군사조직 '영토수비대 민병대'(MTT), 쿠바 정부가 조직한 준경찰 단체 '신속대응여단', 반체제 인사 감시를 수행하는 '쿠바혁명전투원협회'(ACRC) 등이 포함됐다.",사회/세계
"EU ""아이들 현실세계서 놀아야"". 단계적 SNS 제한 추진(종합)","하반기 법안 예고. 회원국 입장차 조율은 과제 ""알고리즘이 아이들 형성하기 전 스스로 정체성 찾을 시간 줘야"" (서울=뉴스1) 이정환 유럽연합(EU)이 어린이들의 소셜미디어(SNS) 접근을 단계적으로 제한하는 법안 도입을 예고했다.",사회/세계
FIFA WORLD CUP 2026,"FIFA World Cup 2026 - Spain press conference Spain?s national soccer player Lamine Yamal attends a press conference in Dallas, Texas, USA, 13 July 2026. Spain will face France on 14 July in a FIFA World Cup 2026 semi final match.",사회/세계
Lee sends condolence message over death of former Qatari ruler,"president-ex-Qatari emir Lee sends condolence message over death of former Qatari ruler SEOUL, July 14 (Yonhap) -- President Lee Jae Myung sent a message of condolence over the death of former Qatari Emir Sheikh Hamad bin Khalifa Al Thani and decided to dispatch his chief of staff as a special envoy, his office said Tuesday. Presidential chief of staff Kang Hoon-sik will depart for Qatar later in the day to attend the funeral of the former emir and extend Lee's condolences, according to Cheong Wa Dae.",사회/세계
호르무즈서 유조선 2척 피격. 이란 미사일 공격 '유력',"UAE ""인도인 선원 1명 사망, 8명 부상"" ""국제법 위반. 모든 조치 할것"" 호르무즈 해협을 통과하던 유조선 2척이 미사일 공격을 받아 9명이 사상했다.",사회/세계
"미성년 성추행 혐의+월드컵 제외' 38살 네덜란드 심판, 끝내 사망 ""부당 고발, FIFA에 유감""",2026 국제축구연맹(FIFA) 북중미월드컵' 비디오 판독(VAR) 담당에서 배제됐던 롭 디페링크 심판(네덜란드)이 숨진 채 발견됐다. 고인은 미성년 성추행 혐의로 경찰 조사를 받았던 터였다.,사회/세계|문화/트렌드
유럽이 '거대한 찜통' 됐다. 일주일 새 1만명 넘게 숨졌다,에펠탑·루브르 조기 폐관. 산불·익사 사고까지 피해 확산 유럽 대륙을 덮친 기록적인 폭염으로 1만명 넘는 초과 사망자가 발생하는 등 피해가 눈덩이처럼 커지고 있다.,사회/세계
"""시장 동요에 日정부,경제 기본정책 결정 일정 연기""",10년물 일본 국채 금리가 약 30년 만의 최고치 일본의 경제재정 운영 기본방침 초안에 시장이 크게 동요하자 일본 정부가 방침 결정을 연기하고 문구 조정에 나섰다고 니혼게이자이신문(닛케이)이 14일 보도했습니다. 보도에 따르면 일본 정부는 당초 이날로 예정된 경제재정 운영 기본방침 '호네부토'(骨太)의 각의 결정을 연기하기로 했습니다.,정치
"트럼프, 의회에 '이란전 재개' 통보. 일주일 만에 이란 군시설 300곳 폭격","도널드 트럼프 미국 대통령이 이란에 대한 군사행동 재개를 의회에 공식 통보했다. 이를 통해 의회 승인 없이 대통령 권한으로 전쟁을 치를 수 있는 '60일 유예 기한'을 새로 확보했다고 주장하면서, 미 정치권의 법적 공방과 함께 중동 지역의 전운이 다시 짙어지고 있다.",사회/세계
임신 중 타이레놀·자폐증' 미 법정 소송 재개. 500여건 다시 심리,"항소심 재판부 ""1심 재판부, 전문가 의견 증거 배제는 잘못"" 임신 중 복용한 해열·진통제 아세트아미노펜이 자폐증을 유발할 수 있다는 주장과 관련한 미국 내 법정 공방이 다시 이어지게 됐다. 월스트리트저널(WSJ)은 미국 뉴욕 소재 제2연방순회항소법원이 13일(현지시간) 증거 부족을 이유로 관련 소송을 기각했던 1심 판결을 파기하고 사건을 다시 1심 법원으로 돌려보냈다고 보도했다.",사회/세계
"제품·모델 멋대로 바꾸는 메타 AI 광고 도구. 광고주들 ""황당""","메타 메타가 자사 사회관계망서비스(SNS) 플랫폼 광고주들에게 독려한 인공지능(AI) 광고 생성 도구가 잦은 오작동을 일으키고 있는 것으로 나타났습니다. 메타의 AI 광고 생성 도구는 광고 이미지 내 문구를 뭉개거나 기괴한 형태로 만드는가 하면, 제품 자체를 아예 다른 모습으로 묘사하는 사례도 나오고 있다고 미 경제매체 비즈니스 인사이더가 13일(현지시간) 보도했습니다.",IT/과학
"北핵실험 탐지 연구 중국계 미국인, 中에 20개월간 구금 중",中 지하 핵실험 은폐' 동원 가능성 북한의 핵실험 탐지를 연구하던 50대 중국계 미국인이 중국에 20개월간 구금 중인 것으로 파악됐다. 미중 관계에 갈등 요인이 될 수 있는 사안이다.,정치
불꽃 위로 펼쳐진 파리의 패션,(파리=뉴스1) 이준성 특파원 프랑스 혁명기념일을 하루 앞둔 13일(현지시간) 프랑스 파리 에펠탑에서 열린 불꽃놀이에서 드론과 불꽃이 밤하늘을 수놓고 있다. 올해 불꽃놀이는 2016년 니스 테러 10주기를 맞아 희생자들을 추모하기 위해 예년보다 하루 앞당겨 열렸다.,사회/세계
파리 밤하늘 밝힌 자유의 여신상,(파리=뉴스1) 이준성 특파원 프랑스 혁명기념일을 하루 앞둔 13일(현지시간) 프랑스 파리 에펠탑 상공에 드론으로 형상화한 자유의 여신상이 불꽃 사이로 모습을 드러내고 있다. 올해 불꽃놀이는 2016년 니스 테러 10주기를 맞아 희생자들을 추모하기 위해 예년보다 하루 앞당겨 열렸다.,사회/세계
파리 밤하늘에 치켜든 ‘자유의 주먹’,(파리=뉴스1) 이준성 특파원 프랑스 혁명기념일을 하루 앞둔 13일(현지시간) 프랑스 파리 에펠탑 상공에서 드론이 자유를 상징하는 치켜든 주먹을 형상화하고 있다. 올해 불꽃놀이는 2016년 니스 테러 10주기를 맞아 희생자들을 추모하기 위해 예년보다 하루 앞당겨 열렸다.,사회/세계
SC 다음은 웨어러블. 붙여 맞는 항암제 美 첫 승인,사노피 다발골수종 SC 치료제 美 허가 복부 부착 뒤 항암제 자동 주입 몸에 붙인 기기가 항암제를 자동으로 주입하는 제품이 미국에서 처음 허가됐다. 항암제 투여 방식이 정맥주사(IV)에서 피하주사(SC)로 바뀐 데 이어 웨어러블 기기로까지 넓어지고 있다.,IT/과학
"UAE ""이란, 호르무즈 유조선 2척 피격. 선원 1명 사망""","UAE 국방부 ""인도인 선원 1명 사망, 8명 부상"" 오만 영해를 통해 호르무즈 해협을 통과하던 유조선 2척이 이란의 공격을 받았다고 아랍에미리트(UAE) 국방부가 현지 시간 14일 밝혔습니다. UAE 국방부는 ""국영 유조선 몸바사호와 알바히야호가 오만 영해 내 호르무즈 해협의 남쪽 항로를 통과하던 중 이란의 순항미사일 2발의 표적이 됐다""며 ""몸바사호 승조원 중 인도인 1명이 사망하고 8명(인도인 6명, 우크라이나인 2명)이 부상했다""고 발표했습니다.",사회/세계
VAR헨티나?. 아르헨티나에 유리했던 판정에 팬심 '부글부글',"전직 FIFA 심판 ""오심 및 선수 착오 관련 프로토콜 적용되지 말았어야"" '모든 판정은 아르헨티나에 유리하게 굴러간다.' 2026 북중미 월드컵에서 준결승에 오르며 대회 2연패에 바짝 다가선 '디펜딩 챔피언' 아르헨티나가 유리한 판정의 수혜자라는 여론이 형성되면서 이를 조롱하는 팬들의 목소리도 커지고 있다. 사회관계망서비스(SNS)에선 아르헨티나가 이번 대회를 통해 비디오 판독(VAR)과 국제축구연맹(FIFA)의 혜택을 가장 크게 받았다며 국가의 영문 이름을 'VARgentina', 'FIFAtina'라고 부르고 있다.",문화/트렌드|사회/세계
호르무즈서 UAE 유조선 2척 이란 미사일에 피격. 1명 사망,"UAE 국방부 ""오만 영해 남쪽 항로서 발생. 단호하게 대응할 것"" (서울=뉴스1) 호르무즈 해협에서 아랍에미리트(UAE) 유조선 2척이 이란의 미사일 공격을 받았다고 14일(현지시간) UAE 측이 밝혔다.",사회/세계
프랑스 파리에서 '의지의 연합' 정상회의 열려,"프리드리히 메르츠(왼쪽부터) 독일 총리, 볼로디미르 젤렌스키 우크라이나 대통령, 에마뉘엘 마크롱 프랑스 대통령, 키어 스타머 영국 총리가 13일(현지 시간) 프랑스 파리에서 열린 '우크라이나 안보 보장을 위한 의지의 연합' 정상회의를 마친 뒤 회견하고 있다. 2026.07.14.",사회/세계
"이란 전쟁에 '슈퍼 엘니뇨'까지. ""식량가격 급등 우려""","이란 전쟁에 의한 에너지 가격 급등으로 세계 농작물 생산비가 상승 추세를 보이는 가운데, 슈퍼 엘니뇨 현상까지 겹쳐 세계 식량 가격이 크게 오를 것으로 우려된다. 현지시간 12일, 영국 일간 가디언은 경제학자들을 인용해 올해 슈퍼 엘니뇨가 세계 식량 가격에 심각한 충격을 줄 수 있고 이 현상은 2028년까지 이어질 가능성을 경고했다고 보도했다.",사회/세계
"김병현, '홍명보 나가' 팬들 비판하더니 사과 ""히스토리 몰랐다""","전 야구선수 김병현이 홍명보 전 대한민국 축구 국가대표팀 감독에게 쏟아진 질타 여론을 두고 소신 발언을 냈다가 거센 비판에 부딪히며 축구 팬들을 향해 공식적으로 고개를 숙였다. 김병현은 지난 13일 자신의 유튜브 채널에 해명 영상을 올리며 ""축구 팬들에게 원성 사고 싶거나 기름을 붓고 싶지 않았다.",문화/트렌드|사회/세계
"""얼마나 예뻤으면"". '월드컵 여신' 비추다 방송사고 낸 중계진",2026 북중미 월드컵 8강전에서 중계진이 관중석에 있는 팝스타 샤키라(49)를 비추느라 주요 경기 장면을 놓치는 방송사고를 냈다. 최근 영국 매체 '더선' 보도에 따르면 지난 9일(현지 시간) 미국 매사추세츠주 보스턴 스타디움에서 열린 프랑스와 모로코의 8강전에서 경기를 관람 중이던 샤키라 모습이 중계 카메라에 잡혔다.,문화/트렌드|사회/세계
"""믿을 건 고향 친구뿐"". 44억 유언 남긴 中 대학생 논란","상하이 19세 대학생, 공증 유언장 작성 아파트·예금 등 44억 규모 친구에 유증 ""부모 재혼 상대에 남기고 싶지 않아"" 중국의 한 19세 대학생이 부모에게서 물려받은 44억원대 전 재산을 정작 부모가 아닌 어린 시절 친구에게 넘기겠다는 유언장을 남겨 논란이 일고 있다. 13일 홍콩 사우스차이나모닝포스트(SCMP) 등 외신에 따르면 상하이 출신 대학생 리 모(19) 씨는 최근 본인 명의의 아파트와 수백만 위안의 은행 예금 등 2000만위안(약 44억원) 규모의 재산을 오랜 친구에게 넘긴다는 내용의 공증 유언장을 작성했다.",사회/세계
"日증시, 美증시 영향으로 하락 출발. 닛케이지수 0.36%",14일 오전 일본 도쿄증시에서 주요 지수는 하락하며 시작했다. 니혼게이자이신문에 따르면 닛케이225지수(닛케이평균주가)는 이날 전 거래일 대비 239.79포인트(0.36%) 내린 6만7002.94에 장을 열었다.,경제
"SOOP, '제12회 fn 금융·증권인 당구대회' 본선 생중계. 안방서도 만난다",8강부터 결승까지 총 5경기 금융·증권업계 연례 행사인 '제12회 fn 금융·증권인 당구대회' 본선 경기가 SOOP을 통해 생중계된다. SOOPTV는 대회 주관 방송사로 참여해 본선 주요 5경기를 제작하고 플랫폼과 케이블 채널에서 순차적으로 선보인다.,라이프
"커넥셔너리, AI 정보처리 비용 낮추는 'AID'로 투자 유치",커넥셔너리는 딥테크 액셀러레이터(AC) 블루포인트파트너스로부터 프리시드 투자를 유치했다고 13일 밝혔다. 투자 금액은 공개하지 않았다.,IT/과학
"LG U+, 고객센터 운영 전 과정 AI로 연결. AICC 기술 공개",LG유플러스가 아시아 최대 규모 인공지능 전환(AX) 컨퍼런스인 'AXIS 2026'에 참가한다. AI컨택센터(AICC) 운영 전 과정을 AI로 구현한 AI 기술력을 구현해 고객 AI 경험 혁신을 선보인다는 구상이다.,IT/과학
LoL e스포츠 월드컵 15일 개막. LCK 4팀 정상 도전,"젠지·한화생명·T1·DK, 세계 16개 팀과 격돌 젠지 2연패·T1 탈환·한화생명 상승세 주목 한국을 대표하는 리그 오브 레전드(LoL) 팀들이 올해도 e스포츠 월드컵(EWC) 제패를 위해 프랑스 파리를 밟는다. EWC를 주최하는 사우디아라비아 e스포츠 재단(EF)은 LoL 종목 본선이 오는 15일(현지시간) 프랑스 파리 포르트 드 베르사유 전시장에서 개막한다고 14일 밝혔다.",문화/트렌드
제4회 오티즘엑스포 성료. 발달장애 정보·소통의 장 마련,97개 기관·148개 부스 참여. 이틀간 2만3000여 명 방문 정책·교육·예술·고용까지.,IT/과학|문화/트렌드
예스24 '한국문학의 미래' 1위에 청예 작가,3년 연속 후보 끝 정상. 8월 북토크·독자 참여 이벤트 진행 예스24가 독자 투표로 선정하는 '2026 한국문학의 미래가 될 젊은 작가' 1위에 청예 작가가 올랐다.,문화/트렌드
"위메이드맥스, 인디게임 퍼블리셔에 투자. IP 확보 박차",레드브릭하우스에 전략적 투자 단행 인디 개발사 발굴 등 생태계 확대 기여 위메이드맥스가 국내 최초 인디게임 전문 퍼블리셔 레드브릭하우스에 전략적 투자를 단행했다. 위메이드맥스는 레드브릭하우스에 대한 투자와 함께 유망 개발사 발굴과 신규 지식재산권(IP) 확보를 위한 협력에 나선다고 14일 밝혔다.,IT/과학
"“석유 대신 미생물”. KAIST, 바이오제조 산업화 해법 제시",미생물로 화학제품을 만드는 바이오 제조 기술을 실제 산업에 적용하기 위한 전략이 제시됐습니다. 한국과학기술원(KAIST)은 생명화학공학과 이상엽 특훈교수 연구팀이 바이오 제조 상용화를 가로막는 핵심 요인을 분석하고 산업화 로드맵을 제안했다고 오늘(14일) 밝혔습니다.,IT/과학
국산 모델 50% 이상 써야. ‘모두의 AI’ 2~3곳 가린다,카카오·LG유플러스 참여 공식화. 네이버·SKT·KT도 검토 8월 사업자 선정·9월 베타서비스.,IT/과학
SKT 독파모 컨소시엄 확대. SK AX·테크노매트릭스 합류,제조 AI·산업 AX 역량 강화. A.X K2 생태계 확대 SK텔레콤은 정부의 독자 인공지능(AI) 파운데이션 모델 개발 프로젝트에 참여 중인 자사 컨소시엄에 SK AX와 테크노매트릭스가 새롭게 합류했다고 14일 밝혔다.,IT/과학
"넥슨·스마일게이트, 청소년 이스포츠 페스티벌 위해 맞손","카카오게임즈, 아마존웹서비스 등도 참여 8월 대전서 올스타전 및 축제 개최 스마일게이트 희망스튜디오가 넥슨재단, 카카오게임즈, 아마존웹서비스 등 12곳의 파트너사와 함께 '2026 유스 이스포츠 페스티벌'에 참여한다고 14일 밝혔다. 유스 이스포츠 페스티벌은 전국 지역아동센터의 아동·청소년이 게임 진로 탐색 및 문화 체험을 할 수 있는 행사다.",IT/과학|문화/트렌드
"SK인텔릭스, 공공 로봇시장 사업 확대. 지자체·국책 실증사업 잇단 선정","강남구 AI 테스트베드·KIRIA 대규모 실증사업 동시 참여 SK인텔릭스가 웰니스 로봇을 앞세워 공공 로봇 시장 공략에 본격 나선다. 지자체와 정부가 추진하는 대형 실증사업에 잇달아 선정되며 기술력을 검증받은 만큼, 이를 발판으로 공공은 물론 민간 시장까지 사업을 확대한다는 전략이다.",사회/세계|IT/과학
일본 컴퓨터시스템 공급자협회(JCSSA) 아시아 기업 시찰단 AI 전자문서 기업 포시에스 찾아,"토요타그룹·다이와보우 등 JCSSA 회원사 임원·대표이사 대거 방문 방문단, 공공기관 민원창구DX 및 AIOZ EKA 등 직접 경험. 높은 관심 표출 폭넓은 일본 유통망 보유 기업들과의 만남.",IT/과학
AI 칩 개발 붐에. EDA 산업 매출 13%,인공지능(AI) 반도체와 맞춤형 칩 개발 경쟁이 확산하면서 전자설계자동화(EDA)와 반도체 설계자산(IP) 시장이 두 자릿수 성장세를 이어갔다. 14일 국제반도체장비재료협회(SEMI) 산하 전자시스템설계연합(ESD Alliance)에 따르면 올해 1분기 세계 전자시스템설계 산업 매출은 57억4780만달러로 전년 동기 50억9830만달러보다 12.7% 증가했다.,IT/과학|경제
네이버 카페서 활동하면 리워드. '티키타카페' 이벤트 연다,생활·육아·반려동물 등 대상. 우수 카페엔 최대 100만원 성장 지원금 네이버가 카페 이용자들의 활동을 활성화하기 위해 리워드형 이벤트를 선보인다.,라이프
"KT엠모바일 '모비', 여름휴가철 eSIM 로밍 할인 행사","KT엠모바일이 eSIM 로밍 서비스 'mobi(모비)' 제휴사 입점을 기념해 아시아 4개국 데이터 무제한 상품을 하루 990원에 제공하는 프로모션을 진행한다. KT엠모바일은 '제휴 페스티벌'을 통해 일본과 중국, 베트남, 대만 대상 eSIM 로밍 특가 상품을 선보인다고 14일 밝혔다.",IT/과학
"넷플릭스, 보드게임 '모노폴리' 서바이벌 프로그램 만든다","12명 플레이어, 30억원 상금 놓고 경쟁. 2027년 공개 예정 넷플릭스가 고전 보드게임 '모노폴리' 기반 서바이벌 프로그램을 제작한다.",IT/과학
"카카오워크, AI 협업툴로 전면 개편. 앱 속도 4배 빨라졌다",디케이테크인 ‘카카오워크 2.0’ 공개 메신저 기반 AI 비서 ‘워크 AI’ 탑재 채널·스레드·알림센터 신설. 프로젝트 몰입 환경 강화 카카오(035720) IT 솔루션 개발 자회사 디케이테크인이 종합 그룹웨어 협업툴 ‘카카오워크’를 인공지능(AI) 기반 업무 플랫폼으로 전면 개편했다.,IT/과학
"소공연 ""네이버 별점 재개에 악성 테러 우려"". 개별 비공개 촉구","소상공인연합회는 14일 네이버가 최근 식당과 카페에 대한 별점 제도를 재개하자 소상공인에 대한 보호망을 구축해야 한다고 촉구했다. 소공연은 이날 논평을 내고 ""네이버가 지난 9일 플랫폼 내 식당과 카페 등에 대한 '별점 제도'를 5년 만에 부활시켰다""며 ""과거 무분별한 별점 테러와 악성 리뷰로 소상공인·자영업자들이 극단적인 선택과 폐업의 갈림길에 몰렸던 아픈 역사를 망각한 이번 조치에 대해 깊은 우려와 함께 강력한 유감을 표명한다""고 밝혔다.",사회/세계
중국 휴머노이드 로봇 IPO 속도. 로봇 '두뇌'에 자금 쏟는다,중국 휴머노이드 로봇 기업들이 잇달아 기업공개(IPO)에 나서며 대규모 자금 수혈에 속도를 내고 있다. 조달 자금은 휴머노이드 로봇의 '두뇌'로 꼽히는 인공지능(AI) 모델과 제어 알고리즘 개발에 집중되는 모습이다.,IT/과학
"컨텍, 차세대중형위성 4호 영상 전처리 맡는다",우주 시스템 및 솔루션 전문기업 컨텍(대표 이성희)이 한국 최초 농림 관측 특화 위성 '차세대중형위성 4호'의 임무 수행을 지원한다. 컨텍은 차세대중형위성 4호의 관측 위성 영상 데이터 전처리 사업에 참여한다고 14일 밝혔다.,IT/과학
"배민·배스킨라빈스, 한정판 아이스크림 통 굿즈 출시",‘먹을 복 담을 통’ 포함 아이스크림 세트 4종 배민 단독 판매 배달의민족이 배스킨라빈스와 협업한 한정판 굿즈 세트를 선보인다. 앞서 양사가 체결한 디지털 사업 협력의 후속 프로모션이다.,IT/과학
"이통 3사, 통화 상대방에 내 영상 띄우는 'V프로필' 출시",AI로 맞춤 영상 제작. 통화 연결 화면에 발신자 콘텐츠 표시 이동통신 3사는 통화 연결 시 전화를 받는 상대방에게 발신자의 영상을 보여주는 'V프로필' 서비스를 공동 출시했다고 14일 밝혔다.,IT/과학
"눈팅' 그만, 글 쓰면 보상. 네이버, 카페에 2억원 푼다",티키타카페' 이벤트. 글 4개·댓글 8개 작성 시 참여 네이버페이 포인트·경품 등 총 2억원 상당 혜택 제공 도배성 글은 제외.,라이프
"최호일펩트론 대표, 1만주 장내 매수. 보유 지분 0.04% 증가",펩트론(087010)의 최호일 대표이사가 장내 매수를 통해 총 1만주의 지분을 취득한다고 14일 공시했다. 공시에 따르면 최호일 대표는 이번 장내 매수에 따라 총 167만6662주를 확보하게 되며 지분율은 0.04% 늘어난 7.19%로 변동된다.,경제
카카오 기업용 메신저에 AI 비서 붙었다. '카카오워크 2.0' 출시,AI 비서 '워크 AI' 탑재. 대화 요약·문서검색·사내 지식 질의응답 지원 내부망 구동으로 민감정보 유출 위험 줄여 카카오 IT 솔루션 개발 자회사 디케이테크인이 기업용 메신저 '카카오워크'를 인공지능(AI) 협업 플랫폼으로 개편했다.,IT/과학
"KT, 국가정보자원관리원 혁신 ISP 우선협상대상자 선정","KT는 국가정보자원관리원 혁신 정보화전략계획(ISP) 수립 사업 우선협상대상자로 선정됐다고 14일 밝혔다. 회사는 공공 정보시스템 재배치와 데이터센터 운영, 민간 클라우드 활용 방안을 포함한 국가 공공 AI 인프라 설계 작업에 착수한다.",IT/과학
"세븐일레븐, 여름 한정 80㎉ ‘수박 스무디’ 출시",당일픽업시 1000원 할인. 연내 주요 거점 중심 운영 점포 3배 확대 코리아세븐이 운영하는 편의점 세븐일레븐이 여름 시즌 한정으로 ‘수박 스무디’를 선보이며 즉석식품 카테고리 강화에 나선다.,라이프
"LGU+, AI 고객센터 기술 공개. 상담 전 과정 AI로 혁신","AXIS 2026서 생성·지원·품질관리 통합 AICC 선보여 LG유플러스가 14일부터 서울 코엑스에서 열리는 'AXIS 2026'에서 인공지능(AI) 기반 고객센터(AICC) 핵심 기술과 서비스를 선보인다. AXIS 2026은 한국능률협회컨설팅(KMAC)이 주최하는 행사로, 기업의 AI 도입 전략과 최신 기술 동향을 공유하는 콘퍼런스다.",IT/과학
‘어센드투제로’ 글로벌 출격. 서포터 팩 DLC 함께 출시,신작 액션 로그라이크 '어센드투제로(Ascend to Zero)'를 선보이며 이용자 공략에 나섰다. 14일 크래프톤은 크리에이티브 스튜디오 플라이웨이게임즈가 개발 및 서비스하는 신작 액션 로그라이크 어센드투제로를 전날 글로벌 정식 출시했다고 밝혔다.,IT/과학
정상영업 홈플러스 익스프레스. 5월 대비 일평균 매출 55%,전국 284개 점포 정상 영업. 신선식품 납품률 98%·퀵커머스도 정상 운영 홈플러스 익스프레스가 전국 운영 점포의 정상 영업을 바탕으로 영업 정상화에 속도를 내고 있다.,경제
현대차그룹 제로원 투자받은 노바테크. 누적 70억원 유치,피지컬 AI 플랫폼 'PiPER' 고도화 나서 산업용 로봇 오케스트레이션 플랫폼 전문기업 노바테크가 현대자동차그룹 제로원 등으로부터 70억원 규모의 투자를 유치했다. 현대차그룹의 국내외 스마트팩토리에서 이기종 물류로봇 통합 관제 기술을 잇달아 검증받은 데 힘입어 피지컬 인공지능(AI) 플랫폼 고도화와 북미 물류 자동화 시장 공략에 박차를 가한다는 전략이다.,IT/과학
"캐논, 부천국제판타스틱영화제서 EOS R6 V 숏필름 상영·GV 성료",캐논코리아가 영상 특화 미러리스 카메라 'EOS R6 V'로 촬영한 브랜드 숏필름 '너와 나의 포토테라피'의 제30회 부천국제판타스틱영화제 공식 상영 및 관객과의 대화(GV)를 마쳤다고 14일 밝혔다. 캐논코리아의 숏필름 '너와 나의 포토테라피'는 한국영화촬영감독조합(CGK) 대표인 추경엽 감독이 연출 및 촬영을 맡고 배우 김민기와 신세휘가 주연을 맡은 작품이다.,문화/트렌드|사회/세계
잘못 찍은 단서도 AI가 스스로 고친다···포스텍 이미지 분 기술 개발,인공지능(AI)이 사진 속 물체를 찾을 때 처음 받은 단서를 그대로 믿지 않고 스스로 점검해 고쳐가며 정확도를 높이는 이미지 분할 기술이 개발됐다. 포항공대(POSTECH)는 김원화 인공지능대학원·융합대학원 교수 연구팀이 기존 이미지 분할 AI 모델을 다시 학습시키지 않고도 성능을 높이는 기술을 개발했다고 14일 밝혔다.,IT/과학
"""찬물에 5분"". 세계최초 차가운 컵라면 일본서 출시","컵라면 원노 닛신식품, 차갑게 먹는 컵누들 출시 찬물에 5분이면 완성되는 냉컵라면이 일본에서 출시됐다. 14일 씨넷재팬에 따르면 닛신식품은 찬물 전용 컵라면 ‘차갑게 먹는 컵누들’ 2종을 오는 20일부터 일본 현지서 판매할 예정이다.",IT/과학|사회/세계
"신세계인터 ‘연작’, 북미 공략 본격화. 코스트코 입점·팝업",서부 주요 도시에 3개월간 팝업 운영 신세계인터내셔날의 스킨케어 브랜드 연작이 북미 시장 공략에 본격 나선다. 북미를 핵심 성장 거점으로 삼고 글로벌 브랜드로 도약한다는 전략이다.,사회/세계
"네이버 커넥트재단, 특수교육 AI 콘텐츠 개발 나선다",국립특수교육원과 협약. 장애 학생·교사 교육 지원 네이버 커넥트재단이 국립특수교육원과 공동으로 장애 학생을 위한 인공지능(AI) 교육 콘텐츠 개발에 나선다.,IT/과학
"위메이드맥스, 인디게임으로 IP 넓힌다. 레드브릭하우스에 투자",위메이드맥스가 퍼블리셔 레드브릭하우스와 손잡고 유망 인디게임 개발사 발굴부터 세계 시장 서비스까지 협력하며 신규 지식재산권(IP) 확보 기반을 강화한다. 위메이드맥스는 인디게임 전문 퍼블리셔 레드브릭하우스에 전략적 투자를 단행했다고 14일 밝혔다.,IT/과학
일본도 ‘재사용 로켓’ 첫발. 11m 솓구쳐 옆으로 이동 뒤 ‘착륙’,"곽노필의 미래창 작사, 지상 연소 시험 6년만에 실증 단계 돌입 중국 이어 일본 가세로 로켓 재사용 경쟁 가열 중국이 최근 로켓 재사용을 위한 핵심 기술인 1단 추진체(부스터) 회수에 성공한 데 이어, 일본도 재사용 로켓 개발과 관련해 의미 있는 첫 이정표를 세웠다. 일본 우주항공연구개발기구(작사)는 지난 11일 일본 동북부 아키타현에 있는 노시로 로켓시험장에서 재사용 기술 실험로켓 ‘RV-X(Reusable Vehicle eXperiment)’의 첫 수직 이착륙 실증비행에 성공했다고 밝혔다.",IT/과학
"크래프톤 플라이웨이게임즈, 신작 '어센드투제로' 글로벌 출시","크래프톤의 크리에이티브 스튜디오 플라이웨이게임즈가 신작 액션 로그라이크 게임 '어센드투제로'를 글로벌 시장에 정식 출시했다. 14일 크래프톤에 따르면 어센드투제로는 전날 오후 4시 엑스박스 시리즈 X·S와 엑스박스 온 PC, 엑스박스 클라우드 게이밍, ROG 엑스박스 엘라이, 스팀을 통해 출시됐다.",IT/과학
"미래에셋 “SK하닉, 2분기 영업익 12%. 저점 매수 기회 유효”",미래에셋증권이 SK하이닉스의 올해 2분기 영업이익 추정치를 기존 70조7000억원에서 62조3000억원으로 12% 하향 조정했다. 디램(DRAM)과 낸드(NAND)의 평균판매가격(ASP) 하락을 반영한 결과다.,경제
"디케이테크인, AI 에이전트 품은 ‘카카오워크 2.0’ 공개. 협업툴 시장 공략",AI 에이전트 ‘워크 AI’ 탑재. 보안 체계도 구축 서비스 구성 체계 전면 개편.,IT/과학
정식 출시 '팰월드' 85만명 즐겨. 크래프톤 수혜 입을까,팰월드 모바일' 개발 중인 크래프톤. 원작 IP 인기 잇는다 정식 출시된 '팰월드'가 동시접속자 85만명을 상회하는 성과를 거두면서 '팰월드 모바일'을 개발 중인 크래프톤이 수혜를 입을지 주목되고 있다.,IT/과학
국내 첫 민간 상업우주정거장 연구거점 확보. 우주의약 시장 선점 나선다,"스페이스린텍, 美 스타랩과 협약. ISS 이후 AI 기반 신약 연구·생산 플랫폼 구축 국내 우주의약 기업이 국제우주정거장(ISS) 퇴역 이후를 대비한 차세대 상업용 우주정거장 연구 거점을 처음 확보했다.",IT/과학
SK AX·테크노매트릭스' SKT 독파모 정예팀 합류,산업 AI 전환 역량 강화 (서울=뉴스1) SK텔레콤(017670)은 정부의 독자 AI 파운데이션 모델 프로젝트 컨소시엄에 SK AX와 테크노매트릭스가 합류했다고 14일 밝혔다. SK텔레콤 정예팀은 산업 AI 전환(AX)과 제조분야 AI 운영에 전문성을 갖춘 두 회사의 합류로 AI 파운데이션 모델의 산업 확산 역량이 높아질 것으로 기대한다.,IT/과학
"유엠브이기술, 신한금융·JT친애저축은행에 AI 웹쉘 탐지 솔루션 공급",유엠브이기술(대표 방윤성)은 신한금융그룹과 JT친애저축은행에 인공지능(AI) 기반 웹쉘 탐지 솔루션 'WSS AI'를 공급한다고 14일 밝혔다. 웹쉘 탐지는 웹서버에 업로드돼 원격 명령 실행 등을 가능하게 하는 악성 스크립트(웹쉘)를 찾아내는 것을 뜻한다.,경제|IT/과학
"디지털병리협회, KHF 2026서 역대 최대 '디지털병리 특별관' 마련",AI 기반 디지털병리 생태계 한눈에. AX 컨퍼런스도 동시 개최 정밀의료·신약개발 핵심 기술 조명.,IT/과학
무신사X도미노피자 티셔츠 나온다,무신사 에디션' 7종 공개. 피자 구매 고객에 최대 100만원 무신사머니 무신사가 도미노피자와 손잡고 한정판 패션 컬렉션과 협업 신메뉴를 선보인다.,라이프
장내 미생물이 역할···우울행동 완화 실마리 찾았다,"기초과학지원연, 뇌 신경영양 신호 회복 기전 규명 한국기초과학지원연구원 연구진이 만성 스트레스 환경에서 우울 유사 행동을 완화하고, 손상된 뇌 신경영양 신호 회복에 관여하는 장내 미생물을 발굴했다. 이를 통해 특정 장내 미생물이 뇌세포 기능에 영향을 미치는 기전과 스트레스성 우울 행동을 개선할 가능성을 제시했다.",IT/과학
"“전 국민 무료 AI 서비스 구현”. 이스트소프트, ‘모두의 AI’ 사업 참여",이스트소프트는 그룹사 차원에서 과학기술정보통신부와 정보통신산업진흥원(NIPA)이 추진하는 ‘전 국민 AI 서비스 보편적 활용 지원(모두의 AI)’ 사업에 참여한다고 14일 밝혔다. ‘모두의 AI’ 사업은 국민 누구나 국산 인공지능(AI) 서비스를 쉽고 편리하게 이용할 수 있도록 지원하는 국가 프로젝트다.,IT/과학
전화 상대방에 내가 만든 영상 노출. 이통 3사 'V프로필' 출시,SK텔레콤·KT·LG유플러스가 공동으로 전화 상대방에게 내 영상을 보여주는 'V프로필' 서비스를 출시한다. V프로필은 통화 연결시 전화를 받는 상대방의 휴대폰 화면에 내가 설정한 영상을 보여주는 서비스다.,IT/과학
"유한양행 '버들장터', 장마철 기획전. 최대 69%",유한양행이 본격적인 장마철을 맞아 자사 공식 온라인몰을 통해 위생 및 수분 케어 상품을 앞세운 대규모 할인 행사에 나선다. 유한양행은 공식 온라인몰 '버들장터'에서 이달 31일까지 장마 기획전을 연다고 14일 밝혔다.,라이프
"사회보장정보원, 4개 지역센터 '무더위 쉼터'로 개방",한국사회보장정보원은 여름철 폭염으로부터 국민의 건강과 안전을 지키기 위해 전국 4개 지역센터를 '무더위 쉼터'로 개방한다고 14일 밝혔다. 무더위 쉼터는 △중부지역센터 △대구경북지역센터 △부산경남지역센터 △광주전라지역센터에서 운영한다.,라이프
장애 학생도 AI 쉽게 배운다. 네이버 커넥트재단-특수교육원 '맞손',AI·디지털 기반 특수교육 교수·학습 자료 개발 특수교육 플랫폼에 맞춤형 AI 교육 콘텐츠 제공 네이버 커넥트재단이 국립특수교육원과 손잡고 특수교육 현장에 맞춘 인공지능(AI) 교육 콘텐츠를 개발한다. 장애 학생들이 AI와 디지털 기술을 체계적으로 배울 수 있도록 교육 접근성을 높이겠다는 취지다.,IT/과학
"위메이드맥스, 인디게임 전문 배급사 레드브릭하우스 투자","게임사 발굴·신규 IP 확보 기대 (서울=뉴스1) 위메이드맥스(101730)는 국내 최초 인디게임 전문 배급사 레드브릭하우스에 투자하기로 결정했다고 14일 밝혔다. 레드브릭하우스는 네오위즈에서 인디게임 발굴과 투자, 배급 업무를 담당한 전문가들이 설립한 인디게임 전문 배급사다.",IT/과학
"KT, 국가 공공 AI 인프라 설계한다. 국정자원 정보화전략계획 우선협상","693개 공공 정보시스템 재배치 기준·이전 로드맵 수립 민간 클라우드 활용·공공 데이터센터 운영 대안 마련 KT가 국가 공공 인공지능(AI) 인프라 혁신을 위한 설계 작업에 착수한다. 국가정보자원관리원 대전 본원에서 운영 중인 공공 정보시스템의 재배치 기준을 세우고, 데이터센터와 민간 클라우드를 아우르는 국가 정보자원 관리체계 개편 방향을 마련하는 것이 핵심이다.",IT/과학
"""내 전화 받는 사람 폰에 내가 만든 영상 뜬다""","발신자에 영상 띄우는 V컬러링과 함께 수신자에 영상 띄우는 V프로필 신규 출시 이동통신 3가 전화 상대방에 내 영상을 보여주는 ‘V프로필’ 서비스를 새롭게 출시했다. ‘V프로필’은 통화 연결 시 전화를 받는 상대방의 휴대폰 화면에 내가 설정한 영상을 보여주는 서비스로, 기존 V컬러링이 나에게 전화를 건 상대방에게 영상을 보여주는 방식이었다면 V프로필은 전화를 거는 발신자가 자신의 개성과 메시지를 전달할 수 있도록 구현한 것이 특징이다.",IT/과학
"줌·알약 총동원. 이스트소프트, '전 국민 무료 AI 챗봇' 사업 도전",과기정통부 '모두의 AI' 사업 공모 참여 밝혀 줌 검색·뉴스 운영 경험 바탕으로 AI 검색 에이전트 구현 알약·알툴즈 결합한 보안·생산성 특화 서비스도 제안 이스트소프트가 정부 주관 '전 국민 대상 무료 범용 인공지능(AI) 서비스 개발' 사업에 참여한다. 이스트소프트는 과학기술정보통신부와 정보통신산업진흥원이 추진하는 '전 국민 AI 서비스 보편적 활용 지원(모두의 AI)' 사업에 참여한다고 14일 밝혔다.,IT/과학
"NHN두레이, 울산시교육청에 협업툴 공급. 교육청 첫 SaaS 도입",USEUP'으로 정식 운영. 메일·메신저·문서 협업 통합 NHN두레이(대표 백창열)가 울산광역시교육청에 협업 플랫폼 '두레이'를 공급했다.,IT/과학
"위메이드맥스, 레드브릭하우스에 전략적 투자. 신규 IP 확보 박차",인디게임 전문 퍼블리셔와 전략적 협력 체계 구축 위메이드맥스는 레드브릭하우스에 전략적 투자를 단행하고 유망 개발사 발굴과 신규 IP 확보를 위한 협력에 나선다고 14일 밝혔다. 이번 투자는 독창적인 게임성과 새로운 IP를 보유한 인디게임의 경쟁력이 높아지면서 창의적인 개발사와의 협력을 확대하고 장기적인 성장 기반을 마련하기 위해 이뤄졌다.,IT/과학
"엔비디아 물량 쏟아지자 팹 증설 속도전. TSMC, 대만 자이에 AI 반도체 패키징 공장 2개 추가",2분기 역대급 매출 속 코보스 병목 해소 총력. 연산 출력 마진 확대 TSMC가 엔비디아 등 인공지능(AI) 반도체 고객사들의 주문 폭주로 인한 공급 병목 현상을 해소하기 위해 대만 남부 자이과학단지(Chiayi Science Park)에 차세대 첨단 반도체 패키징 공장 2개를 추가로 건설하기로 확정했다.,IT/과학
"“韓 과학 국가대표 일냈다” 국제물리올림피아드, 5명 금메달 싹쓸이","- 한국대표단 5명 전원 금메달, 참가자 종합 1위 대한민국 과학 영재들이 국제무대에서 세계 과학강국 학생들을 제치고 정상에 우뚝섰다. 과학기술정보통신부와 한국과학창의재단은 콜롬비아 부카라만가에서 열린 제56회 국제물리올림피아드에서 한국대표단 5명 전원이 금메달을을 획득했다고 14일 밝혔다.",사회/세계|라이프
"김완욱 가톨릭의대 교수, 셀트리온과 신약개발 기술이전 계약","신규 단일클론항체 기반의 자가면역질환 치료 기술. 가톨릭중앙의료원, 기초의학 투자 결실 김완욱 가톨릭대학교 의과대학 내과학교실 교수 연구팀은 셀트리온과 특정 성장인자를 표적으로 하는 신규 단일클론항체 기반의 자가면역질환 치료 기술이전 계약을 체결했다.",IT/과학
우리 모델로 AI 서비스. '모두의 AI'에 이통3사·네카오 출사표(종합),모두의 AI 프로젝트' 공모 전 국민에 AI 서비스 무료 제공 카카오·LGU+ 참여. 플랫폼·이통사도 정부가 국산 인공지능(AI) 모델을 활용해 국민 누구나 제한 없이 쓸 수 있는 대국민 AI 서비스의 개발에 나선다.,IT/과학
"KT엠모바일, 아시아 4개국 데이터 무제한 로밍 하루 990원","KT엠모바일, 내달 15일까지 데이터 무제한 할인 日·中·베트남·대만 등 3일 2970원·4일 3960원 이용 KT엠모바일이 이심(eSIM) 로밍 서비스 '모비(mobi)' 제휴사 입점 기념으로 데이터 무제한 상품을 하루 990원에 제공한다. KT엠모바일은 다음달 15일까지 아시아 4개국 데이터 무제한 상품을 하루 990원에 제공하는 모비 제휴 페스티벌을 진행한다고 14일 밝혔다.",IT/과학
잭다니엘도 주류 침체 못 피했다. 브라운포맨 CEO 은퇴,후임 선임 뒤 물러날 예정. 판매 둔화·주가 부진 속 경영 변화 잭다니엘 위스키 제조사 브라운포맨 최고경영자(CEO)가 은퇴를 준비하고 있다.,경제|사회/세계
"엑사이엔씨, 삼성전자 평택 P5 공사 수주. 890억원","""단일계약 기준 역대 최대 수주. 클린룸 시공 경쟁력 입증"" 엑사이엔씨가 국내 주요 반도체 업체의 클러스터 구축으로 단일계약 기준 창사 이래 최대 규모 수주를 기록했다.",IT/과학
"유클릭스, CJ올리브영에 ‘오라클 DB@AWS’ 공급. 멀티클라우드 사업 확대",AI·데이터 전문기업 유클릭스가 CJ올리브영을 ‘오라클 AI 데이터베이스@AWS’ 초기 고객으로 확보하고 오라클 기반 멀티클라우드 사업을 확대한다고 14일 밝혔다. 오라클 AI 데이터베이스@AWS는 아마존웹서비스(AWS) 데이터센터에 구축된 오라클 클라우드 인프라스트럭처(OCI) 환경에서 오라클 데이터베이스 서비스를 이용할 수 있도록 한 서비스다.,IT/과학
"치폴레, 멕시코 첫 매장 연다. 올해 한국도 진출",미국 성장 둔화 속 해외 공략 가속. 2027년 멕시코시티로 확대 미국 패스트캐주얼 브랜드 치폴레가 처음으로 멕시코 시장에 진출한다.,경제
"SK AX·테크노매트릭스 참여. 독파모 SKT, ‘산업 AX’ 강화","산업 AI 전환·제조 AI 역량 최적화 역량 박차 인프라, 선행연구, 데이터, 서비스 확산 등 협력 다양한 산업 AI 전환 시도, 독자 AI 모델 진화 SK텔레콤이 주도하는 ‘독자 인공지능(AI) 파운데이션 모델(독파모)’ 프로젝트 컨소시엄에 SK AX, 테크노매트릭스가 참여한다. 이를 통해 SK텔레콤은 SK AX의 산업 인공지능 전환(AX), 테크노매트릭스의 제조 AI 역량 등을 결합하고, ‘산업 AX’ 역량 강화에 박차를 가한다.",IT/과학
"쉬인, 이르면 8월 홍콩 상장. 최대 4.5조원 조달",1년 만에 홍콩 IPO 승인. 관세·경쟁 심화 등 부담으로 쉬인이 중국 증권당국의 승인을 받은 후 이르면 내달 홍콩 증시에 상장해 최대 30억 달러(약 4조 4961억원)를 조달하는 방안을 추진한다.,경제|사회/세계
"인텔, 아일랜드에 50억 유로 투자 발표. 반도체 공급망·생산 능전 확대","아일랜드 렉스립 캠퍼스에 50억 유로 규모 추가 투자 단행 인텔은 아일랜드 렉스립 캠퍼스에 차세대 프로세서 생산 능력을 확대하기 위해 50억 유로 규모의 자본 투자를 단행했다고 13일 밝혔다. 인텔의 이번 투자는 렉스립 기지의 생산 능력을 확장하는 다음 단계로, 글로벌 인공지능(AI) 및 고성능 컴퓨팅 수요에 대응해 인텔 3 공정을 기반으로 한 '인텔 제온 6' 및 차세대 제온 프로세서 생산을 확대하기 위해 마련됐다.",IT/과학
크롬에 들어간 제미나이. 검색 점유율 '쏙',"오픈서베이 조사 결과. 제미나이, 반년 사이 23.3%p 급증 (서울=뉴스1) 구글의 생성형 인공지능(AI) 서비스 제미나이가 크롬 브라우저에 기본탑재되면서 국내 검색 점유율이 큰 폭으로 늘었다.",IT/과학
전기차·하이브리드 거래 2배로. 당근중고차 평균 거래가 30% 뛰었다,올해 상반기 중고차 시장에서 전기차와 하이브리드차 거래가 두 배 이상 늘어난 것으로 나타났다. 유지비 부담을 줄이려는 소비자가 친환경차와 경차 등으로 몰리면서 평균 거래가격도 크게 올랐다.,사회/세계|IT/과학
"LGU+, AXIS 2026 참가해 AICC 비전 소개",전시 부스 마련해 AICC 핵심 기술과 서비스 소개 LG유플러스는 AXIS 2026에 참가해 AICC 기술력과 사업 비전을 선보인다고 14일 밝혔다. 이날부터 사흘간 열리는 AXIS 2026은 한국능률협회컨설팅(KMAC)이 주최하는 AI 전환 전문 컨퍼런스다.,IT/과학
"한화비전, AI ‘치명적 망각’ 극복. 세계 음향 AI 대회 1위",GIST와 공동 개발한 ‘연속 학습’ 기술로 DCASE 2026 챌린지 정상 한화비전이 음향 인공지능(AI)의 대표적인 난제로 꼽히는 ‘치명적 망각(Catastrophic Forgetting)’ 문제를 해결한 기술을 앞세워 세계 최고 권위의 국제 음향 AI 경진대회에서 정상에 올랐다. 회사는 이번 기술을 영상보안 AI와 결합해 차세대 보안 솔루션 경쟁력을 강화한다는 계획이다.,IT/과학
"이노그리드, 서울시 양자 R&D 과제 수주. QPU 통합관리 기술 개발",SDT·고려대와 초전도 양자컴퓨터 관리시스템 개발 제조사별 운영 데이터 표준화·통합 모니터링 실시간 이상 감지·피드백 제어 기술 구현 GPU·NPU·CPU 이어 QPU까지 관리 영역 확대 이노그리드가 초전도 양자컴퓨터의 운영 상태를 통합 관리하는 국산 모니터링 시스템 개발에 나선다. 이노그리드는 서울시가 주관하는 ‘2026년 서울시 양자 기술사업화 지원사업’의 주관기관으로 선정돼 ‘초전도 양자컴퓨터를 위한 통합 모니터링 시스템 개발 및 사업화’ 과제에 착수한다고 14일 밝혔다.,IT/과학
"SKT 독파모팀, SK AX·테크노매트릭스 합류. '산업 AI 전환' 속도 낸다",모델·인프라 등 4개 트랙 유기적 협력 'A.X K2' 모델 구축 제조·금융 넘어 모빌리티·국방까지 국민 체감형 AI 생태계 확장 SK텔레콤(017670)이 주도하는 정부의 독자 AI 파운데이션 모델 프로젝트 컨소시엄(이하 SKT 정예팀)이 신규 참여사를 대거 영입하며 산업 전반의 AI 전환(AX)에 속도를 낸다. 김태윤 SK텔레콤 파운데이션 모델 담당이 지난달 19일 서울 중구 더플라자 호텔에서 열린 ‘이데일리 글로벌 AI포럼(GAIF 2025)’에서 ‘AI 국가대표 기업에 듣는다’ 주제로 발표를 하고 있다.,IT/과학
"“전기자전거로 서울에서 목포까지”. 지쿠, ‘국토종주 콘텐츠 공모전’ 개최","공유 모빌리티 서비스 지쿠는 ‘제2회 지쿠 국토종주 콘텐츠 공모전’ 참가자를 모집한다고 14일 밝혔다. 이번 공모전은 참가자들이 지쿠 전기자전거를 이용해 서울에서 목포까지 국토종주에 도전하고, 그 여정을 유튜브 콘텐츠로 제작하는 참여형 프로그램이다.",문화/트렌드
"고려아연·영풍, '의결권 제한 위법' 판결 놓고 충돌","법원, 박기덕 대표에 1억원 배상 판결. 영풍 ""경영권 방어 불법"" vs 고려아연 ""현 지배구조와 무관"" 고려아연이 지난해 1월 임시주주총회에서 영풍의 의결권을 제한한 조치를 두고 법원이 박기덕 대표의 손해배상 책임을 인정하면서 양측의 공방이 다시 격화하고 있다.",사회/세계
김빛내리 RNA 연구단장. 亞 첫 HFSP 나카소네상,과학기술정보통신부는 김빛내리(사진) 기초과학연구원(IBS) RNA(리보핵산) 연구단장이 아시아 최초로 휴먼프런티어사이언스프로그램(HFSP) 나카소네상을 받는다고 13일 밝혔다. HFSP 나카소네상은 생명과학 분야에서 혁신적인 과학적 진보나 한계 돌파를 이뤄낸 연구자에게 수여한다.,IT/과학
"카페·패스트푸드·제과 업계, 탈플라스틱 실천대열에",전국 2만2천여 매장 동참. 다회용컵 할인·탄소중립포인트 적립시 최대 800원 혜택 카페·패스트푸드·제과 업계가 탈플라스틱 실천에 대거 합류했다.,경제|라이프
"AI 안경으로 국가자격시험 부정행위. 검찰, 약식기소",인공지능(AI) 기술이 탑재된 안경을 이용해 부정행위를 저지른 국가기술자격 시험 응시자가 약식재판에 넘겨진 사실이 뒤늦게 알려졌다. 13일 법조계에 따르면 광주지검은 국가기술자격법 위반 혐의로 A(40대)씨를 지난달 약식기소했다.,사회/세계|IT/과학
"CJ온스타일, '베이비키즈페어' 개최",유아동 주문액 33%. 프리미엄 브랜드·육아 콘텐츠 결합 CJ온스타일이 '골드키즈' 소비 트렌드에 맞춰 프리미엄 유아동 브랜드와 육아 콘텐츠를 결합한 '베이비키즈페어'를 연다.,라이프|문화/트렌드
"“롬, 리니지W 저작권 침해 아냐”. 카카오게임즈, 소송서 승소",카카오게임즈(293490) 와 레드랩게임즈가 출시한 다중접속역할수행게임(MMORPG) ‘롬(ROM): 리멤버 오브 마제스티’가 엔씨( NC(036570) ) ‘리니지W’의 저작권을 침해하지 않았다는 법원 판단이 나왔다. 13일 법조계에 따르면 서울중앙지법 민사합의62부(재판장 이현석 부장판사)는 엔씨가 레드랩게임즈·카카오게임즈를 상대로 낸 저작권 침해 금지 소송을 최근 원고 패소로 판결했다.,IT/과학
"SK쉴더스, 프로스트 앤드 설리번 'APAC 고객 가치 리더십' 선정","AI 통합 보안 운영 체계·MDR 서비스 경쟁력 인정 SK쉴더스가 글로벌 시장조사 기관 프로스트 앤드 설리번으로부터 '2026 아시아태평양(APAC) 고객 가치 리더십'에 13일 선정됐다. 프로스트 앤드 설리번은 매년 고객 가치, 기술 경쟁력, 사업 성과, 성장 잠재력 등을 종합 평가해 부문별 우수 기업을 선정한다.",IT/과학
"SK텔링크, 한국도로공사에 저궤도 위성통신 공급",국내 도로·교통 인프라 첫 적용 SK텔링크가 한국전력공사에 이어 한국도로공사에도 저궤도 위성통신을 공급하며 공공 인프라 시장 공략을 확대한다. 국내 도로·교통 인프라에 저궤도 위성통신이 적용되는 첫 사례다.,IT/과학
"KT, 국내 첫 CSAP 인증 '공공형 AI 메일보안' 출시","AI 기반 이메일 보안 서비스에 클라우드 보안인증 획득 KT가 국내 최초로 클라우드 서비스 보안인증(CSAP)을 획득한 AI 기반 이메일 보안 서비스를 앞세워 공공·교육기관 시장 공략에 나선다. 13일 KT에 따르면 KT AI 메일보안은 랜섬웨어, 피싱메일 등 이메일을 통한 사이버 위협을 AI 기술로 탐지·차단하는 클라우드 기반 보안 서비스다.",IT/과학
"인텔, 아일랜드 공장에 57억달러 투자. ""AI 서버용 반도체 생산 확대""",50억유로 투입해 기존 생산 시설 개선 AI 서버용 '제온6'·차세대 프로세서 생산 인텔이 인공지능(AI) 반도체 수요 증가에 대응하기 위해 유럽 핵심 생산기지인 아일랜드 공장에 50억유로(약 57억달러)를 투자한다. 인텔은 13일(현지시간) 뉴스룸을 통해 아일랜드 레익슬립(Leixlip) 제조 허브에 50억유로를 투자한다고 밝혔다.,IT/과학
"외산 모델 독점 막는다'. 과기정통부, '모두의 AI' 프로젝트 본격화",과학기술정보통신부(과기정통부)가 국민 누구나 비용이나 이용량 제한 없이 사용할 수 있는 국산 인공지능(AI) 서비스를 구축하는 '모두의 AI 프로젝트'를 본격 추진한다. 국민 약 2300만명이 이미 생성형 AI 서비스를 이용하고 있는 가운데 독자 AI 모델을 50% 이상 활용하는 민간 컨소시엄을 선정해 외산 AI 무료 서비스 의존도를 낮추는 동시에 국내 AI 생태계와 AI 활용 저변을 확대한다는 방침이다.,IT/과학
"화학연, 엘케이켐에 페로브스카이트 탠덤 소재 기술이전",지난해 말 상용화 제작기술로 과기정통부 우수성과 100선서 최우수 평가받아 한국화학연구원(KRICT)은 엘케이켐(대표 이창엽)에 고효율 실리콘-페로브스카이트 탠덤(적층형) 태양전지용 소재 조성 및 제조 기술을 이전하는 계약을 체결했다고 13일 밝혔다. 이 기술은 실리콘 태양전지 위에 페로브스카이트 박막을 얹는 탠덤 구조의 소재 합성으로 안정성이 향상됐다.,IT/과학
"미국 ‘속도’, 중국 ‘표준화’. 17일부터 ‘AI 전략’ 격전",상하이 세계인공지능대회 열려 AI 글로벌 거버넌스 관련 논의 미·중 ‘미래 모델’ 놓고 기싸움 스위스 제네바에서 지난 6~7일 제1회 유엔 인공지능(AI) 거버넌스 글로벌 대화가 열렸다. 193개 유엔 회원국 정부와 기업이 참여해 AI 규제 방안을 논의했으나 주요국들의 접근 방식 차이가 두드러졌다.,IT/과학
"엔키화이트햇, '핵테온 2026' 출제·운영 성료",실전 위성' 해킹 문제도 구현. 1799명 참가해 '역대 최대' 오펜시브 보안 전문 기업 엔키화이트햇(대표 이성권)은 지난 9일부터 10일까지 정부세종컨벤션센터에서 열린 ‘2026 핵테온 세종 국제 대학생 사이버보안 경진대회’의 문제 출제 및 대회 운영을 성공적으로 마쳤다고 13일 밝혔다.,IT/과학
"삼성전자, DX 직원에 제미나이 제공",구글클라우드 기업용 AI 도입 ‘국내 최대 규모’. 인공지능 전환 가속 삼성전자가 구글의 기업용 인공지능(AI) 플랫폼인 ‘제미나이 엔터프라이즈’를 디바이스경험(DX·완제품 부문) 직원들에게 제공한다.,IT/과학
‘한국 생물학의 개척자’ 조완규 전 서울대 총장 별세,교육부 장관·초대 과기한림원장 역임. 기초생물학·과학행정 발전 이끌어 평생 후학 양성 헌신.,사회/세계
"LG전자, GS건설과 ‘AI 아파트’ 짓는다",가전·단지 인프라 한번에 제어 삼성전자는 ‘모듈러 주택’ 공개 LG전자와 GS건설이 차세대 인공지능(AI) 홈 공동 개발에 나선다.가전사업 침체를 타개할 새로운 활로로 AI 홈과 모듈러 주택 시장이 주목받는 양상이다. LG전자는 자사의 AI 홈 솔루션을 GS건설의 ‘자이(Xi)’ 단지 인프라와 연계해 편의성을 높이기로 했다고 13일 밝혔다.,경제|IT/과학
"“결국 대형사고 터졌다” 19금, 압도적 1위였는데. ‘유출’ 파문, 발칵 뒤집힌 넷플릭스",“참교육도 결국 당했다” 넷플릭스 오리지널 콘텐츠 ‘참교육’이 불법 스트리밍 사이트에 유출됐다. ‘참교육’은 19세 이상 시청 연령 제한에도 글로벌 1위를 찍으며 흥행 돌풍을 일으킨 작품이다.,사회/세계
200만원 주고도 ‘아이폰’ 못 산다고?. “하루아침에 30만원 오를 수도” 전망,"최근 맥북, 아이패드 등 가격을 줄인상한 애플이 차세대 아이폰 18 시리즈 가격도 상향 조정할 것이라는 전망이 잇따르고 있다. 13일 시장조사업체 카운터포인트리서치에 따르면 아이폰18 프로맥스(12GB·1TB)의 부품 원가(BOM)는 전작인 아이폰17 프로맥스보다 약 300 달러(45만 원) 증가할 것으로 예상된다.",IT/과학
K바이오 토대 닦은 한국 생물학계의 거목. 조완규 전 서울대 총장 별세,"기초생물학 개척, 독창적인 연구 교육부 장관·한림원 초대 원장 등  교육행정가로 과학계 발전 헌신 교육부 장관과 한국과학기술한림원 초대 원장 등을 지낸 한국 생물학계의 선구자 조완규 전 서울대 총장이 13일 오전 3시30분쯤 별세했다. 향년 98세.",문화/트렌드|사회/세계|IT/과학
물고기가 사라지는 이유. 미국 댐 287곳 위성으로 봤더니 71%는 강물 온도가 변했다,물고기는 온도로 시간을 안다. 물이 이만큼 따뜻해졌으니 알을 낳을 때가 됐다고 판단한다.,IT/과학
"박물관, 이제 돈 내고 볼까요","국립박물관, 18년 만에 유료화 재점토 안녕하세요, AMEET 기자입니다. 국립박물관 무료 관람 정책이 18년 만에 다시 바뀔 수도 있다는 소식, 들어보셨나요?",라이프|경제
"화학연, '빛 두 번 잡는 기술'로 태양전지 상용화 추진. 탠덤 태양전지 핵심 소재 기술, 엘케이켐에 이전",국내 연구진이 자체 개발한 페로브스카이트 탠덤용 소재 기술을 국내 기업에 이전하는 계약을 체결했다. 한국화학연구원은 엘케이켐과 13일 '고효율 실리콘-페로브스카이트 탠덤 태양전지용 소재 조성 및 제조' 기술이전 계약을 체결했다.,IT/과학
"경기교육청-서울대 사범대, AI시대 교육혁신 업무협약","경기도교육청은 13일 수원시 장안구 도교육청 조원청사에서 서울대 사범대학교와 '경기교육대전환 및 AI 시대 교육혁신을 위한 업무협약'을 체결했다. 이번 협약은 서울대 사범대의 교육 연구 역량과 경기교육 현장을 연계해 AI 시대 교육혁신, 학생의 전인적 성장, 교원의 교육활동 보장, 교육자치 실현을 위한 연구와 협력사업 등을 공동 추진하기 위해 마련됐다.",IT/과학
"핵융합연, 세라믹기술원과 '플라즈마 공정 소재 데이터' 표준화 나서","한국핵융합에너지연구원(원장 오영국)은 13일 대전 본원에서 한국세라믹기술원(원장 윤종석)과 '플라즈마 공정용 세라믹 소재·부품 내플라즈마 특성 데이터 개발 및 AI 기반 공동연구·활용 플랫폼 구축'을 위한 상호협력협약을 체결했다. 이번 협약은 반도체·디스플레이 제조 공정에 활용되는 세라믹 소재·부품의 플라즈마 내구성과 반응 특성을 데이터로 확보하고, 이를 표준화·공동활용하기 위한 협력 기반을 마련하기 위한 것이다.",IT/과학
"NIPA, ‘오픈소스 컨트리뷰션 아카데미’ 발대식",11개 프로젝트팀·멘토·멘티 260여명 참여 13주간 글로벌 오픈소스 프로젝트 활동 코드 개발·기능 개선·문서화 등 실무 경험 삼성전자·AMD 전문가 초청 강연 진행 정보통신산업진흥원(NIPA)이 국내 개발자들의 글로벌 오픈소스 프로젝트 참여와 실무 역량 강화를 지원한다. NIPA는 지난 11일 서울 과학기술회관에서 ‘2026 오픈소스 컨트리뷰션 아카데미 발대식’을 개최했다고 13일 밝혔다.,IT/과학
"KISA, 위치정보 기반 안전 서비스 공모",위치정보 활용 안전 제품·서비스 발굴 중소기업·스타트업 대상 9월 30일까지 접수 총상금 1000만원·위원장상 등 수여 조달·기술마켓 연계해 판로 확대 지원 한국인터넷진흥원(KISA)이 위치정보 기술을 활용해 산업현장과 일상 속 안전 문제를 해결할 제품과 서비스를 발굴한다. KISA는 방송미디어통신위원회와 함께 ‘국민안전 위치기반서비스(LBS) 솔루션 대상’을 개최한다고 13일 밝혔다.,문화/트렌드
"SKT·LGU+, '모두의 AI' 참여 검토. 정부 AI 서비스 경쟁 본격화",풀스택 AI 내세운 SKT. '원 LG' 협업 앞세운 LG유플러스 정부가 전 국민 대상 생성형 인공지능(AI) 서비스 구축 사업인 '모두의 AI' 프로젝트 공모에 착수한 가운데 SK텔레콤과 LG유플러스가 사업 참여를 검토하고 있다.,IT/과학
국내 스마트폰 81% 갤럭시. 아이폰은 20대서 우세,삼성 81%·애플 19%. 40대 이상 갤럭시 압도 아이폰 사용률 20대 53%.,IT/과학
"철도연, 출연연 최초 '노사문화 우수기관' 선정",한국철도기술연구원(원장 사공명)은 지난 10일 고용노동부가 선정하는 '2026년 노사문화 우수기관(공공부문)'에 출연연 최초로 선정됐다고 13일 밝혔다. '노사문화 우수기관'은 상생과 협력의 노사문화를 모범적으로 실천하고 있는 기업 및 기관을 대상으로 고용노동부가 엄정한 심사를 거쳐 선정하는 제도다.,사회/세계
"공영홈쇼핑, AI 모델 '공영희·영언니' 공개",브랜드 홍보·숏폼 콘텐츠 활용. AI 패션 프로그램 누적 판로지원액 18억원 공영홈쇼핑은 공공기관 정체성을 반영한 AI 모델 '공영희'와 '영언니'를 새롭게 선보인다고 13일 밝혔다.,IT/과학
"카카오 AI 카나나, 中 천안문·위구르 질문에 ""답변할 수 없다"". 왜?","검열 의혹 제기되자. ""AI 가드레일이 원인"" 카카오 ""답변 확률적으로 필터링.",IT/과학
"에어비앤비, 카카오페이·대한항공과 첫 할인. 일본 숙소 최대 12%","항공권·숙소 예약 연계 혜택 마련. 카카오페이 결제 시 추가 리워드 제공 에어비앤비가 카카오페이, 대한항공과 손잡고 항공권과 숙소 예약을 연계한 첫 공동 프로모션을 진행한다.",라이프|문화/트렌드
"홍릉 특구기업, 글로벌 시장서 '빅시드' 성과 이어나가",한국과학기술연구원(KIST·원장 오상록)이 경희대·고려대와 공동운영하는 서울홍릉강소연구개발특구(단장 임환)가 특구기업들의 잇단 글로벌 성과로 주목받고 있다. KIST에 따르면 2021년 고려대 기술출자로 설립된 홍릉 연구소기업 엔도로보틱스는 지난해 9월 한국 의료로봇 최초로 글로벌 1위 '다빈치'와 동일한 카테고리의 미국 식품의약국(FDA) 허가코드 'NAY'를 획득했다.,IT/과학|사회/세계
"시큐웨이브, AI 시대 엔드포인트 운영 전략 제시",팀뷰어 코리아와 'CISO 코리아 2026' 참가. AI 확산으로 공격 표면 확대 오픈베이스 자회사이자 팀뷰어(TeamViewer) DEX 국내 총판인 시큐웨이브는 지난 7일 서울 용산구 피스앤파크(로얄파크) 컨벤션에서 열린 'CISO KOREA 2026'에 팀뷰어 코리아와 함께 참가해 AI 기반 엔드포인트 운영 및 디지털 워크플레이스 전략을 소개했다고 13일 밝혔다.,IT/과학
"스노우, 첫 AI 톱티어 학회 논문 채택. ECCV 2026 진출",연구인턴 프로그램 첫 성과. AI 헤어스타일 변환 기술로 컴퓨터 비전 학회 입성 스노우가 세계 최고 권위의 컴퓨터 비전 학회인 ECCV 2026에 창사 이래 처음으로 연구 논문을 채택시키며 AI 연구 경쟁력을 입증했다.,IT/과학
"네이버페이, '연금 관리 서비스' 출시 예정. 연금 자산 한눈에",(서울=뉴스1) 네이버페이가 연금 자산을 한눈에 볼 수 있는 연금 관리 서비스 출시를 준비하고 있다. 13일 정보기술(IT) 업계에 따르면 네이버페이는 다음 달 연금 조회 및 관리 서비스를 출시할 예정이다.,경제|라이프
"쿠팡, '메가뷰티쇼' 개최",8월 2일까지 3주간 진행. 1+1·할인쿠폰·캠핑의자 증정 이벤트 마련 쿠팡이 여름 성수기를 겨냥해 올해 최대 규모의 뷰티 할인 행사 '메가뷰티쇼'를 연다.,경제|라이프
"美 증시 첫날 13% 오른 SK하이닉스, 국내선 15% 급락. 왜?","블룸버그 ""나스닥 급등 따른 차익실현 매물 쏟아져"" 지난 주말 미국 나스닥에 성공적으로 데뷔한 SK하이닉스 주가가 국내 증시에서는 큰 폭으로 하락해 그 배경에 관심이 쏠리고 있다. 13일 SK하이닉스 주가는 15.37% 하락한 184만 5000원에 장을 마감하면서 약 한 달 만에 최저치를 기록했다.",경제
근육 키운 삼전노조. 호남반도체도 ‘제동’,"""84% 반대. 대책·신뢰 안 보여"" 정부에 노사정 협의체 구성 제안 노봉법 쟁의요건, 재계경고 현실로 노조 장벽에 산업 혁신 막힐 수도 정부의 중재로 올해 수억원대 성과급을 받게 된 삼성전자 반도체 노조가 이번엔 조합원 84%가 반대한다는 이유로 호남 반도체 클러스터 '노사정 협의체'를 구성할 것을 요구했다.",경제|IT/과학
"닌텐도, 스위치2 'OLED' 출시 검토",해상도 HDFHD 상향 계획. 가격 인상폭은 변수 일본 닌텐도가 하이브리드 게임기 스위치2 시리즈에 유기발광다이오드(OLED) 적용을 검토 중인 것으로 13일 파악됐다.,IT/과학
노벨상에 한 걸음 더. 김빛내리 단장 “연구자는 계속 연구할 뿐”,아시아인 최초 HFSP 나카소네상 수상 ‘노벨상 징검다리’라고 불리는 생명과학상 30년간 RNA 한우물 연구로 새 분야 개척 수상 소감 질문에 “앞으로 할 일 더 많아” ‘노벨상의 길목상’을 받아도 김빛내리 기초과학연구원 RNA연구단장(서울대 생명과학부 석좌교수)은 담담했다. 수상의 기쁨보다 내일 실험실에서 할 일에 대한 걱정이 더 컸다.,IT/과학
"EU ""아이들 현실세계서 시간 보내야. 곧 SNS 제한 법안 공개""","EU 전문가 패널, 13세 미만 아동에 소셜미디어 제한 권고 현윤경 특파원 아동과 청소년에게 소셜미디어를 차단하는 것이 전 세계적인 화두로 떠오른 가운데, 유럽연합(EU)이 관련 법안을 곧 공개할 예정이라고 밝혔다. 우르줄라 폰데어라이엔 EU 집행위원장은 13일(현지시간) 브뤼셀에서 회견에서 아동에게 소셜미디어 플랫폼 접근을 제한하는 법안을 올여름 이후 발표할 것이라며, ""우리 아이들에게는 현실 세계에서의 시간이 필요하다.",사회/세계
코로나19 백신 484만회분 확보. 최신 XFG 변이 대응,"화이자 291만·모더나 193만 도즈. WHO·FDA·EMA 권고 반영 질병청 ""예비물량 5% 확보해 약 80억 원 예산 절감"" (서울=뉴스1) 질병관리청은 13일 '2026~2027절기 코로나19 예방접종사업'에 필요한 백신 484만 도즈에 대한 조달계약을 체결했다고 밝혔다.",IT/과학
"올해 신규 공보의 고작 98명. ""복무 단축 넘어 제도 재설계 시급""","대한공중보건의사협의회, 제도 개편 방향 제시 신분, 법적 보호, 원격 자문과 경력 체계 제안 (서울=뉴스1) ""올해 신규 의과 공중보건의사(공보의)가 98명까지 줄어든 것은 단순한 인력 감소가 아니라 제도 붕괴의 신호입니다. 36개월의 과도한 복무기간을 그대로 둔 채 수급 회복을 기대할 수는 없습니다.""(박재일 대한공중보건의사협의회장) 13일 대한공중보건의사협의회(대공협)에 따르면 박재일 회장은 지난 12일 서울 강남구 그랜드인터컨티넨살 서울 파르나스에서 열린 '2026년 제43차 대한의사협회 오프라인 종합학술대회'에서 공보의 수급 위기 문제를 언급하며 이같이 밝혔다.",사회/세계
"미라콤아이앤씨, 그린코스에 MES 구축. 화장품 품질관리 디지털화",K-뷰티 생산현장도 AI 준비. 품질관리 자동화로 글로벌 인증 대응 강화 미라콤아이앤씨가 화장품 OEM·ODM 전문기업 그린코스의 디지털 제조 혁신 프로젝트를 맡아 스마트공장 구축에 나선다.,IT/과학|라이프
"""비서 뺨치게 일 잘하네"". 네이버 AI 써보고 '화들짝' 놀란 이유","앱 켜고 ""예약 알려줘, 무슨 메뉴 맛있어?"" 확 달라진 '네이버 검색' 네이버 'AI탭' 기존 서비스 연계 강화 쇼핑·지도·예약·스마트렌즈 등 연결 네이버 ""확장된 검색 경험 구현"" 강조 직장인 A씨는 최근 예약한 주말 식사 일정을 다시 확인하려고 네이버 인공지능(AI) 검색을 열었다. ""다가오는 예약 알려줘""라고 입력하자 예약 날짜와 식당 위치가 한눈에 정리됐다.",IT/과학
“법령·판례 30만건 학습”. ‘AI 법령비서’ 모든 공무원 대상 시범운영,"법제처·행안부·과기정통부, 공동 개발 공무원의 법적 질문에 AI가 응답 방식 정부는 기존 법령과 판례 데이터를 기반으로 공무원의 법적 검토를 지원하는 인공지능(AI) 서비스를 14일부터 운영한다. 법제처·행정안전부·과학기술정보통신부는 13일 ‘AI 법령비서’를 공동개발하고 모든 공무원을 대상으로 시범 운영한다고 밝혔다.",IT/과학
"삼성전자, 반도체 분야 경력사원 공개 채용. 27일까지 모집",삼성전자가 지난 2월에 이어 5개월 만에 반도체 경력사원 공개채용에 나섰다. 13일 업계에 따르면 삼성전자 반도체(DS)부문은 이날부터 오는 27일까지 삼성커리어스를 통해 경력사원을 모집한다.,IT/과학
"KAIST, 막힘없이 흐르는 2차원 반도체 구조 입증 外","KAIST는 홍승범 신소재공학과 교수팀이 강기범 교수·조성범 성균관대 교수팀과 공동으로 차세대 반도체 소자로 주목받는 '2차원 소재'에서 전기가 막힘없이 흐르는 새로운 구조를 구현하고 나노미터(nm, 10억분의 1m) 수준에서 직접 관찰할 수 있는 분석 플랫폼을 개발했다고 13일 밝혔다. 연구팀은 기존처럼 금속 전극을 반도체 위에 붙이는 대신 하나의 2차원 소재 안에 준금속과 반도체 영역을 연속적으로 구현했다.",IT/과학
"과기정통부, 2026 딥테크 성과교류회 개최 外",과학기술정보통신부(과기정통부)는 연구개발특구진흥재단과 13일 13시 대전 호텔 ICC에서 '2026 딥테크 성과교류회'를 개최하고 연구개발특구를 중심으로 창출된 딥테크 창업·기술사업화 성과를 공유했다고 13일 밝혔다. 딥테크는 장기간 연구개발과 높은 기술 난이도를 요구하는 분야다.,IT/과학
40년 난제 '암세포 성장 스위치'. 공략 실마리 찾았다,바이오 스쿨 약물 결합 힘든 KRAS 공략 첫 먹는 췌장암 치료제 눈앞 K바이오도 신약 개발 박차 “췌장암 치료의 패러다임 전환을 가져올 겁니다.” 지난 5월 말 열린 미국임상종양학회(ASCO 2026). 미국 다나파버 암연구소의 브라이언 울핀 박사가 발표를 마치자 40여 초간 기립박수가 이어졌다.,IT/과학
"워게이밍 '월드오브탱크', 16일부터 '파 크라이' 배틀 패스 실시",9단계 프리미엄 중전차 및 전용 3D 스타일 추가 워게이밍의 대표 MMO 액션 게임 '월드 오브 탱크'가 글로벌 유명 프랜차이즈 지식재산권(IP)과의 협업 콘텐츠를 선보인다. 워게이밍은 MMO 액션 게임 '월드 오브 탱크'에서 유비소프트의 액션 어드벤처 게임 프랜차이즈 '파 크라이' 테마의 특별 배틀 패스를 실시한다고 13일 밝혔다.,IT/과학
"클래시스 ""고주파기기 공략 강화. 국내 매출 2000억 목표""","RF 시장 점유율 확대 승부수 이루다 합병 시너지 본격화 국내 대표 미용 의료기기업체인 클래시스가 2030년 국내 매출을 지난해의 두 배 수준까지 확대하겠다는 목표를 밝혔다. 한승우 클래시스 국내사업본부장(사진)은 “2022년 500억원대였던 국내 매출이 지난해 1122억원으로 처음 1000억원을 넘었고, 올해는 1290억원 수준을 예상한다”고 말했다.",경제|IT/과학
"대웅제약 톡신 '나보타', 누적 매출 1조원 달성",내년 전용 신공장 가동 대웅제약은 보툴리눔 톡신 ‘나보타’(사진)의 누적 매출이 1조원을 넘었다고 13일 밝혔다. 2014년 국내에 제품을 출시한 지 12년 만이다.,경제
"첫 MSI 우승' 한화생명e스포츠. 제우스 ""평정심이 승리 비결""","국내 리그 오브 레전드(LoL) 프로리그 LCK의 한화생명e스포츠가 지난 12일 대전에서 막을 내린 미드 시즌 인비테이셔널(MSI)에서 우승 트로피를 차지했습니다. 창단 이래 첫 우승이자, 직전 국제대회인 퍼스트 스탠드 토너먼트 우승팀인 중국의 빌리빌리 게이밍을 꺾고 이뤄낸 성과라 더 값졌습니다.",문화/트렌드
페니트리움 항암 신약 美 임상 속도 빨라진다,페니트리움바이오사이언스는 항암 신약후보 물질 ‘페니트리움’의 미국 임상시험에서 안전성 평가를 위한 1상을 건너뛰고 효능 평가를 위한 2상부터 진행하도록 설계했다고 13일 밝혔다. 페니트리움은 이미 같은 성분의 약을 코로나19 치료제로 승인받기 위해 글로벌 임상을 진행했다.,IT/과학
"이통3사·네카오, 정부 '모두의 AI' 참여 채비",카카오·LGU+ 참여 추진. SKT·KT·네이버클라우드 검토 9월 말 베타서비스 거쳐 연내 출시.,IT/과학
"삼성전자 텍사스 테일러 팹, 테슬라 칩 'AI5' 양산 준비 마쳤다",AI5 칩 생산 위한 테이프 아웃 완료 올해 말 테일러 공장 초기 가동 전망 ‘아픈 손가락’ 파운드리 반등 가능성 삼성전자가 미국 텍사스주 테일러에 건설 중인 반도체 위탁생산(파운드리) 공장에서 테슬라의 차세대 인공지능(AI) 칩 'AI5' 생산을 위한 '테이프 아웃'이 완료된 것으로 알려지면서 그동안 적자에 시달리며 삼성전자의 '아픈 손가락'으로 지목돼온 파운드리 사업부의 반등 가능성이 제기된다. 업계에서는 테일러 공장(팹) 가동과 테슬라 물량이 맞물리며 3분기 이후 파운드리 사업부 손익 반등의 신호탄이 될 수 있다는 관측을 내놓고 있다.,IT/과학
"KST·KGV, AI·딥테크 1000억 펀드 추진. 정부, 연구자 창업 본격 지원","정부 ""딥테크 연구자에 AI 에이전트·창업 전문가 붙인다"". 특구 유니콘 겨냥 특구펀드 10억이 기업가치 1500억으로.",정치|경제|IT/과학
공무원용 ‘AI 법령 비서’ 14일 시범 개시,"법령·행정규칙·판례 기반 법적 질의 응답 대법원 판례 6만건·법령 데이터 24만건 탑재 범정부 AI 공통기반 활용해 공무원이 직접 개발 14일부터 중앙·지방 공무원 대상 시범 운영 정부가 중앙·지방 공무원의 법령 검토를 돕는 인공지능(AI) 서비스 ‘AI 법령 비서’를 선보인다. 법령과 행정규칙, 자치법규, 판례를 기반으로 정책 기획·입안·집행 과정에서 발생하는 법적 질문에 답변하는 방식이다.",IT/과학
"BIC 2026, 180여개 최종 선정작 공개. 얼리버드 예매 개시",57개국 856개작 접수로 역대 최대 규모 경신. 비즈니스·온오프라인 티켓 20% 할인 글로벌 인디게임 축제 '부산인디커넥트페스티벌 2026(BIC 2026)'이 최종 전시 라인업을 확정하고 본격적인 사전 예매 절차에 돌입한다.,문화/트렌드
두나무 품에 안긴 ‘압수 코인’. 100% 배상·24시간 대응 놓고 업계 갑론을박,"경찰청, 압수 가상자산 사업자 100% 배상·24시간 대응 요건 제시 “사고 예방 역량 봐야” vs “기술력·재무 책임 함께 검증해야” 경찰청의 압수 가상자산 보관·관리 사업 우선협상대상자로 업비트 운영사 두나무가 선정됐다. 대형 거래소가 공공 수탁시장에 진입한 첫 사례라는 의미가 있지만, 업계에서는 경찰청이 콜드월렛의 사고 예방 능력보다 100% 배상과 24시간 대응 등 재무·운영 요건을 앞세웠다며 평가 기준의 적정성을 두고 논란이 일고 있다.",사회/세계|경제
“더워서 일 못 하겠습니다” 결국 ‘28조원’ 손실 불렀다. 선 넘은 날씨에 우리나라 경제도 ‘휘청’,"“더워질수록, 경제는 무너진다” 매년, 매 계절 예측할 수 없는 수준으로 치닫는 ‘극한 날씨’. 그중에서도 여름철 더위는 우리의 일상에 가장 큰 영향을 주는 이상기후 중 하나다.",라이프|사회/세계
"삼성·SK 800조 호남 반도체. ""호남은 AI 데이터센터가 적합""","석·박사 인력은 수도권 남부 집중 19.1GW 수요 vs 14.2GW 실효용량 산업부 ""거점 다변화해야"". 국힘 ""속도보단 검증"" 정부가 삼성전자와 SK하이닉스를 통해 총 800조원 규모로 서남권에 신규 반도체 클러스터 조성을 추진하는 가운데 호남에는 반도체 공장보다 AI 데이터센터가 지역 여건에 더 적합하다는 제언이 나왔다.",IT/과학
"탄자니아 찾은 부산과학관, 현지 교사 연수 지원","국립부산과학관은 지난 9~11일 탄자니아 잔지바르에서 현지 과학교사를 대상으로 심화연수를 실시하고, 시민과 후원자가 함께 마련한 물품을 전달하며 K-과학문화 확산과 나눔 활동을 펼쳤다고 13일 밝혔다. 국립부산과학관 전문가들은 사전 수요 조사를 통해 연수 주제를 선정하고 현지에 파견된 탄자니아 봉사단과 함께 10~11일 이틀간 과학교사를 대상으로 화학 및 생물 분야 실험 역량강화 심화연수를 실시했다.",IT/과학|사회/세계
RNA 생물학 선도' 김빛내리 단장. 아시아 최초 HFSP 나카소네상,한국 연구자가 '노벨상 징검다리'로 불리는 세계적 권위의 생명과학상에 처음 이름을 올렸다. 과학기술정보통신부는 2027년 휴먼프론티어사이언스프로그램(HFSP) 나카소네상 수상자로 기초과학연구원(IBS) 김빛내리 RNA 연구단장(서울대 생명과학부 석좌교수·사진)이 선정됐다고 13일 밝혔다.,IT/과학
"韓, 요르단에 전력반도체 소재 생산시설 구축. ‘연구로’ 이어 두 번째 수출","원자력연-미래와도전, 요르단 중성자도핑시설 구축 수주 수출한 연구로에 건설. 설계부터 교육훈련까지 전 과정 맡아 우리나라가 요르단에 첫 수출한 연구용 원자로에 고품질 전력반도체 소재 생산시설을 구축하는 사업을 수주했다.",경제|IT/과학
"그라비티, 공동 대표 체제 전환. 글로벌 지속 성장·책임 경영 강화",박현철·기타무라 요시노리 공동 CEO 체제 구축 그라비티가 국내외 전방위적인 사업 확장에 발맞춰 전문성에 기반한 공동 대표 체제를 구축하고 글로벌 시장 공략에 속도를 낸다. 그라비티는 본사 경쟁력 강화와 미래 지속 성장을 도모하기 위해 박현철 대표와 기타무라 요시노리 대표를 공동 CEO로 선임해 각자 책임 경영 체제로 전환했다고 13일 밝혔다.,사회/세계|IT/과학|경제
중고도 무신사에서. 유즈드 거래액 10배,판매자 30배·상품 6.7배 증가. '무진장 블프' 특가 1분 만에 완판 무신사 중고 패션 서비스 '무신사 유즈드'가 거래액과 판매자 수가 급증하며 성장세를 이어가고 있다.,경제
"과기정통부, ‘모두의 AI’ 개발사 내달 11일까지 공모",민간기업 2~3개사 선정 예정 과학기술정보통신부는 '전 국민 인공지능(AI) 서비스 보편적 활용 지원(모두의 AI) 사업' 공모를 시작으로 국산 AI모델 기반의 대국민 AI서비스 개발을 본격 추진한다고 13일 밝혔다. 사업 공모는 이날부터 내달 11일까지 진행한다.,IT/과학
"CJ ENM, 광고주용 달력 ‘캘박CJ’. 마케팅 일정 모아 협업기회 한눈에","CJ ENM이 광고 집행을 넘어 캠페인 기획 단계까지 지원하는 광고주용 마케팅 달력 '캘박CJ'를 공개했다. 콘텐츠 공개 일정부터 팝업스토어, 공연, 페스티벌 등 연간 마케팅 일정을 모아 광고주가 브랜드에 맞는 협업 기회를 한눈에 찾을 수 있도록 지원한다.",문화/트렌드
"우체국, 우편 업무 특화 생성형 AI 도입한다",우체국이 우편 업무에 특화된 자체 소형언어모델(sLLM) 구축을 추진한다. 반복적인 행정 업무를 자동화하는 동시에 개인정보 유출 피해를 막기 위해 사내 업무 체계에 생성형 인공지능(AI)를 적극 활용하겠다는 것이다.,IT/과학
"보안 흔들리면 ESG도 타격. 통신 3사, 정보보호 힘준다","통신사 ESG 보고서 공개 정보보호 핵심 중대 이슈로 격상 SKT, CISO 조직 CEO 직속으로 KT, 정보보안 혁신 핵심 과제로 LGU+, 보안 대응 협의체 운영 확대 정보보안과 개인정보보호가 이동통신 3사의 환경·사회·지배구조(ESG) 핵심 의제로 부상했다. 지난해 통신업계를 둘러싼 보안 사고를 계기로 최근 발간된 ESG 보고서에서는 정보보호를 핵심 중대 이슈로 격상하고 보안 거버넌스를 강화하는 데 무게가 실렸다.",IT/과학
"네이버, ICML서 AI 풀스택 기술 선보여",LLM 취약점 찾아내는 기술 상위 2.2% ‘스포트라이트’ 선정 네이버가 세계 최고 권위의 인공지능(AI) 학회인 '국제머신러닝학회(ICML 2026)'에서 AI 모델 고도화부터 현실 세계와 상호작용하는 피지컬 AI까지 아우르는 연구 성과를 선보였다고 13일 밝혔다. 네이버는 지난 6일부터 11일까지 서울 강남구 코엑스에서 개최된 ICML 2026에 참가해 주요 연구 성과와 이를 기반으로 한 실제 서비스 적용 사례를 다수 발표했다.,IT/과학
"삼성전자, 구글 제미나이 엔터프라이즈 도입",DX 부문 글로벌 임직원에 제공 전용 클라우드 구축해 보안 강화 AI 에이전트 중심 업무환경 구축 삼성전자가 구글 클라우드와 손잡고 디바이스경험(DX)부문에 '제미나이 엔터프라이즈(Gemini Enterprise)'를 도입한다. 단순 생성형 AI 활용을 넘어 업무를 스스로 수행하는 '에이전틱 AI' 체계 구축에 본격 착수한 것으로 볼 수 있다.,IT/과학
"정부, 국민 누구나 무료로 쓰는 AI 서비스 연내 출시","‘모두의 AI 프로젝트’ 사업 착수 공모 통해 내달 중 사업자 선정 9월 말 베타 서비스 출시 예정 이용량·비용 부담 없이 사용 정부가 국산 인공지능(AI) 모델 기반 대국민 AI 서비스 개발에 본격 착수한다. 연내 이용량 제한과 비용 부담 없이 사용할 수 있는 범용 AI 챗봇을 출시하고, 공공서비스를 찾아 신청까지 지원하는 AI 에이전트도 단계적으로 제공한다는 계획이다.",IT/과학
네카오토 맞선 쿠팡. '로켓페이'로 오프라인 결제 공략,결제 수수료 확대·데이터 확보 장점. 신사업 진출 가능성도 쿠팡이 간편결제 서비스 '쿠팡페이'를 '로켓페이'로 개편하고 오프라인 결제시장에 본격 진출한다.,IT/과학
"한화생명e스포츠, 창단 첫 MSI 우승. 결승서 BLG 제압","LCK, 3년 연속 MSI 패권 유지. 10년 만에 '개최지 우승 징크스'도 깨뜨려 LCK(한국) 1번 시드 한화생명e스포츠가 LPL(중국)의 강호를 꺾고 창단 첫 미드 시즌 인비테이셔널(MSI) 정상에 올랐다.",문화/트렌드
"① SKT, 보안 투자 70% 늘렸다",고도화되는 인공지능(AI)발 사이버 위협에 대한 통신사들의 대응 현황을 살펴봅니다. SK텔레콤(SKT)이 지난해 발생한 유심(USIM) 해킹 사고를 계기로 보안을 단순한 기술적 관리 영역이 아닌 전사 핵심 경영 과제로 격상한 가운데 관련 투자와 인력을 대폭 확충한 것으로 나타났다.,IT/과학
파주시장애인연합회 재능기부 동행콘서트 성황,"파주시와 장애인단체가 중심이 되어 마련한 재능기부 공연 '한여름날의 동행콘서트'는 성공적으로 개최되었습니다. 이 공연은 장애인 가족과 지역사회가 하나 되는 뜻 깊은 축제로, 경계를 허물고 함께 어우러지는 문화 행사가 지역 공동체의 결속력을 다지고 나눔의 가치를 확산하는 데 크게 기여할 것으로 기대됩니다.",문화/트렌드
"“내 동생이 왜 죽었는데” 이하늘, 또 김창열 언급...손절 후 행사 끊기...","DJ DOC의 이하늘이 자신의 인생에서 가장 힘들었던 시기를 털어놨다. 그 시기는 DJ DOC 활동을 하면서 돈은 언제든 벌 수 있다고 생각했지만, 이혼과 친동생 고(故) 이현배의 사망, 김창열과의 갈등이 겹치며 어려움을 겪었다.",라이프
"[S노트] 유아인, 왜 하필 '호프'였을까",유아인이 영화 '호프' VIP 시사회에 참석했다. 유아인은 검은색 의상에 모자를 착용하고 지인들과 인사를 나누는 모습이 온라인에 공개되었다.,문화/트렌드
"KBS, 상반기 방송사 유튜브 조회수 1위…6개월 연속 정상","KBS 유튜브 채널이 이 년 동안 한 달에 한번씩 가장 많이 본 채널이다. KBS의 유튜브 조회수는 올해 1월부터 6월까지 총 112억200만회였다. 특히, '개그콘서트'와 'KBS News' 등의 인기 콘텐츠가 빠지지 않고 주목을 끌면서 KBS의 상반기 전체 조회수가 전년보다 50.4% 많아졌다.",문화/트렌드
"늘어나는 눈밑지방재배치 재수술, 재발 막는 '격막강화'의 중요성","눈 밑 지방이 다시 돌출되는 원인은 안구 하단의 지속적인 압력에 의해 지방이 다시 밀려 나오는 것이며, 이러한 문제를 예방하는 방법은 '격막강화' 과정이다. 격막강화는 탄력을 잃고 늘어진 격막 조직을 팽팽하게 당겨주어 지방이 다시 밀려 나오지 못하도록 튼튼한 방어벽을 세우는 과정이며, 이를 통해 지방 돌출이 재발할 확률을 현저하게 낮출 수 있다.",문화/트렌드
"소노인터내셔널, '33호텔 바이 소노캄' BTS 뉴욕 콘서트 공식 파트너 선...","소노인터내셔널의 호텔 33호텔 바이 소노캄은 방탄소년단의 뉴욕 콘서트를 기념하는 메가 프로젝트 'BTS THE CITY ARIRANG - New York'의 공식 파트너로 선정되었다. 이 프로젝트 기간 동안 호텔은 특별 테마 객실, 전용 식음료 상품, 한정판 협업 어메니티 및 다채로운 체험 프로그램을 제공할 예정이다.",문화/트렌드|라이프
"하이키, 'IEF 2026' 홍보대사 발탁…e스포츠와 빚을 대중적 시너지","걸그룹 하이키가 '국제 e스포츠 페스티벌'의 공식 홍보대사로 위촉되었다고 소속사에서 전했다. '국제 e스포츠 페스티벌'은 11월에 개막하는 대규모 청소년 축제로, 전국 청소년 e스포츠 리그와 국가대표 선발전을 거쳐 10여 개국의 선수단이 참가한다.",문화/트렌드
"[뮤즈이슈] ‘미성년 성폭행’ 고영욱, 연이은 폭탄 발언…日 AV 배우→...","고영욱이 또다시 논란의 중심에 섰다. 그는 자신의 SNS에 일본 AV 배우를 희망하는 글을 올리고, 얼마 지나지 않아 유재석을 저격하는 글을 올렸다. 그는 ""이리도 방송이 좋을까""며 유재석을 비꼬았고, 이번이 처음은 아니었다고 한다. 고영욱은 최근 신동엽도 저격했으며, 그에게는 오랜 방송 경력을 이유로 좋은 소리를 건넸다.
그런데도 그는 음주를 즐겨하는 신동엽을 저격하는 뉘앙스로 말해 논란이 됐다.",문화/트렌드
"“씨야 시절 있었기에”…‘강회장’ 이서안, 은퇴 고민 딛고 날아올랐...",JTBC 토일드라마 '신입사원 강회장'에서 강렬한 반전을 선사한 배우 이서안은 처음 대본을 봤을 때를 회상하며 이렇게 말했다.'신입사원 강회장'은 사업의 신이라 불리는 최성그룹 회장 강용호가 사고를 당하면서 원치 않는 2회차 인생을 살게 되는 리마인드 라이프 스토리 드라마로 지난 5일 최고 시청률 13.6%로 종영했다.,문화/트렌드|사회/세계
"보플2' 출신 문선빈, 연습생 강등·숙소 퇴소에 오열('죽어도 아이돌')",문선빈이 퇴소하고 오열한 상황이 공개되었습니다. 유튜브 다큐멘터리 '죽어도 아이돌(Idol Till I Die)' 2회에서는 같은 꿈을 가졌지만 결과가 엇갈린 연습생들의 모습이 담겨 있습니다.,문화/트렌드
"죽어도 아이돌' 문선빈, 강등·숙소 퇴소에 오열 ""나 자신에 화가 나""",문선빈은 유튜브 채널 '죽어도 아이돌'에서 견습생으로 강등되어 숙소까지 떠나게 됐다. 그는 자신의 실력 부족과 집중력을 못할라는 피드백을 받고 자책했다며 다시 노력하고 싶다고 말했다.,문화/트렌드
"184cm 신인 이찬우, 훤칠하네…드라마 '최애 데뷔' 캐스팅",이찬우가 MBC Plus 드라마 '최애 데뷔'에 출연한다. 이찬우는 백성훈 역을 맡아 차분하고 진중한 성격을 지닌 인물로 다양한 감정 변화를 섬세하게 표현할 예정이다.,문화/트렌드
"임영웅, 아이돌차트 평점랭킹 276주 연속 1위","가수 임영웅이 아이돌차트 평점랭킹에서 7월 1주차 집계에서도 최다득표를 기록하며 연속 1위 기록을 더했다. 누적 기준으로는 276주 연속 1위에 이름을 올리며, 임영웅은 상위권 구도도 다시 한 번 확인됐다.",문화/트렌드
"[스타트렌드] 리센느, 피자·편의점 모델 꿰차며 걸그룹 인기 휩쓸어","도미노피자의 새 브랜드 전속 모델로 발탁된 리센느는 대중적인 영향력을 다시 한번 드러냈다. 그룹이 출연한 여름 신제품 광고는 오는 16일부터 TV와 극장, 유튜브 등 온오프라인 매체를 통해 공개될 예정이다.",문화/트렌드
"KOVHIA, 첫 버추얼 IP 특화 시상식 'VIVA' 론칭…생태계 대중화 조준","버추얼 분야가 독립된 형태의 대규모 시상식으로 격상되며, 버추얼 IP 생태계의 대중적 확장과 성장이 가속화될 전망이다. 사단법인 한국버추얼휴먼산업협회(KOVHIA)는 대한민국 최초의 버추얼 전문 시상식인 제1회 '버추얼 아이콘 비전 어워드(Virtual Icon Vision Awards)' 개최를 확정했다.",문화/트렌드
"효연, 효리수 개그캐 메인보컬 고충…""언제까지 이렇게 살아야하나 답답...","소녀시대 효연이 자신의 고충을 털어놓는다. MBC ‘구해줘! 홈즈’에서는 도시에서 혼자만의 삶을 즐기는 싱글 여성들의 라이프스타일을 들여다볼 예정이다. 효연은 ""많이 내려놓은 것 같다. 언제까지 이렇게 살아야 하나 싶어 답답했다""며 그동안의 고민을 털어놓고, 이채영은 개인기를 선보이며 현장을 뒤집었다.",문화/트렌드
[Game & Now] e스포츠부터 해커톤까지…게임업계 '미래 인재' 키운다,"국내 게임업계가 미래 세대 육성과 창작 생태계 확대를 위한 투자를 강화하고 있다. 스마일게이트 희망스튜디오는 '2026 유스 이스포츠 페스티벌'에 12개 기관이 참여하며, 전국의 아동·청소년들이 게임과 e스포츠를 통해 진로를 탐색할 수 있도록 마련된 행사이다.",IT/과학|문화/트렌드
‘8人8色 매력 뿜뿜’ 카레이서 박혜준·제빵사 임희정 등 두산건설 위...,"여름방학을 맞아 '위브골프단'이 색다른 매력을 뽐냈다. 골프선수가 아닌 ""워너비 아이템""을 컨셉으로 잡은 게 눈에 띄며, 선수들의 관심사와 취미를 반영한 화보로 가장 큰 특징이다.",문화/트렌드
"KLPGA 시즌 3승 김민솔, 뜨개 소녀로 변신",KLPGA 휴식기 동안 두산건설 위브(We've) 골프단의 8명의 선수들은 취미와 취향에 맞는 화보를 공개했다. 각자 평소 즐기는 취미를 선보이거나 한 번쯤 되고 싶은 모습을 연출했다.,문화/트렌드
"블핑 프로듀서' 알티, 이번엔 버추얼 아이돌 만든다…블락비 태일과 협...",디네이블(DNABLE)은 버추얼 아이돌 '비그릿츠(BEGRITZ)'를 제작하고 있다. 비그릿츠는 5인조 그룹으로 '시공간을 모험하는 도깨би'라는 세계관을 가진 팀이다.,문화/트렌드
아이브 안유진 '로또 아파트' 당첨…청약 제도 논쟁 재점화,그룹 아이브의 안유진이 최근 '로또 아파트 청약'에 당첨된 사실과 관련해 청년층을 중심으로 주택 청약 제도 실효성을 둘러싼 논쟁이 재점화되고 있습니다. 안유진은 서울 서초구 방배5구역을 재건축한 '디에이치 방배' 청약에 당첨돼 오는 9월 입주를 앞두고 있습니다.,경제|문화/트렌드
"넥슨, '메커톤 2026' 성료…메이플스토리 IP 창작 월드 발굴","넥슨은 '메커톤 2026' 대회를 마무리했다. 대학·일반 부문 총 150명이 참가했으며, 메이플스토리 월드 기반 창작물 개발을 위한 글로벌 개발 콘테스트에 출품되었다.",문화/트렌드
"플레어 유 최립우, '더쇼' 새 MC 발탁…14일 첫 진행",그룹 플레어 유 멤버 최립우가 SBS Life 음악 프로그램 '더쇼'의 새 MC로 합류했다. 최립우는 14일 방송부터 진행을 맡으며 스페셜 무대도 선보이며 새로운 출발을 알릴 예정이다.,문화/트렌드
"최애 데뷔', 월말평가 성적표 앞 희비 교차…연습생 긴장감 담았다","MBC플러스 드라마 '최애 데뷔'에서 연습생들의 월말평가 성적표와 최종 데뷔조 명단이 공개되는 장면을 담은 비하인드 스틸이 공개되었습니다. 이 작품은 실제 기획사 평가 현장과 같은 분위기이며, 이미 걸그룹 '이리온'의 데뷔 타이틀곡과 콘셉트 포토를 통해 K-POP 팬덤의 관심을 끌어올린 바 있습니다.",문화/트렌드
[뮤직100] 거북이 '비행기' 25계단·방탄소년단 'SWIM' 24계단 급등…TOP...,"7월 14일 오전 7시 기준 뮤직100 인기곡 집계에서 거북이 '비행기'가 가장 큰 폭으로 올랐다. '비행기'는 전일 109위에서 84위로 25계단 급등했고, 스코어도 244.7점에서 477.1점으로 232.4점 증가했다.",문화/트렌드
"뷔, 일본서 ‘5년 넘게 정상’…276주 연속 1위·누적 697만표",일본 인기투표에서 방탄소년단 뷔가 276주 연속 1위를 차지했다. 또한 뷔는 K팝 전문 사이트 '케이팝 주스'와 일본 내 브랜드 캠페인으로도 인지도를 높이고 있다.,문화/트렌드
"D-1 ‘호프’, 사전 예매율 65%…韓 영화 희망 될까 {SS무비]","나홍진 감독의 신작 '호프'가 개봉을 하루 앞두고 압도적인 예매율과 예매량을 기록했다.영화진흥위원회 영화관입장권 통합전산망에 따르면, '호프'는 현재 예매율 65.0%를 기록하며 올해 첫 천만 영화인 '왕과 사는 남자'의 개봉 전 사전 예매량을 뛰어넘고 있다.",문화/트렌드
"""고맙다 월드컵, 이제 미국땅에서 축구는 손흥민과 메시가 맡는다"" MLS의...","손흥민이 MLS 시즌 하반기를 준비하고 있다. 이에 따라 MLS는 월드컵 열기를 이어가려는 특별 캠페인을 발표했으며, 손흥민과 리오넬 메시는 이 캠페인의 주요 인물이다.",문화/트렌드
하늘도 축복한 KSPGA 축제… '2026 상반기 정기교육 & 평생회원배 골프대...,"2026년 상반기 정기교육 및 평생회원배 골프 대회가 강원도 원주 센추리21CC에서 개최되었습니다. 대회는 참가자들에게 최상의 라운드 환경을 제공했고, 회원들은 즐거운 분위기 속에서 대회를 시작했습니다.",문화/트렌드
"티파니 영, 첫 솔로 컴백 카운트다운…음악·비주얼 직접 제작 ‘기대 ...","뮤지컬 배우 겸 가수 티파니 영이 첫 번째 솔로 정규앨범 'Edge of Calm'의 스케줄 포스터를 공개, 오는 8월 20일 컴백을 공식화했다. 앨범은 긴장과 평온이 공존하는 콘셉트를 감각적인 디자인으로 표현하며 신보를 향한 기대감을 높였고, 티파니 영이 직접 제작 전반에 적극 참여했다.",문화/트렌드
쥬라기 공원' 샘 닐 별세...78세,"뉴질랜드 출신 배우 샘 닐이 78세의 나이로 호주 시드니에서 가족들이 지켜보는 가운데 별세했다. 그는 2022년 3기 혈액암 진단을 받았으나, 올해 4월 완치 소식을 알린 바 있었지만 정확한 사인은 공개되지 않았다.",문화/트렌드|사회/세계
[어떻게 생각하세요] 가희 CCM 뮤비에 갑론을박,"애프터스쿨 출신 가수 가희가 참여한 CCM 뮤직비디오 '시편 24편 King of Glory'가 공개되면서, 새로운 시대의 CCM를 논란이 되고 있다. 안무에 대한 찬반의견이 분분해지며, 그 중심은 결국 춤이다. 성경은 예배의 형식을 세세하게 규정하기보다 하나님을 향한 중심을 강조한다. 한편으로는 시대의 언어를 고민하며 새로운 표현을 시도하는 것이 복음 전달의 일환이지만, 다른 한편으로는 퍼포먼스가 본질을 흐리게 할 수 있다.",문화/트렌드
"김용빈, 스타덤 '트로트리그' 7월 1차투표 1위…'이달의 트로트 가수' 3...",김용빈이 스타덤 '트로트리그' 7월 1차 투표에서 1위를 차지했다. 김용빈은 5월과 6월 2개월 연속 '이달의 트로트 가수'를 차지한데 이어 3개월 연속 '이달의 트로트 가수' 등극을 눈앞에 두게 됐다.,문화/트렌드
"6시 내고향' 성민·오유진, 특산물 알리기 나섰다",가수 성민과 오유진이 지역 특산물 홍보를 위해 현장을 방문했다. 그들은 친근한 호흡과 적극적인 소통으로 농가와 시민들을 연결하는 역할을 톡톡히 해냈다.,문화/트렌드
"방예담·휘인, '내일도 출근!' OST 합류",방예담과 휘인이 tvN 월화드라마 '내일도 출근!'의 여섯 번째 OST인 '내 안에 머물러요'를 오늘 오후 6시 온라인 플랫폼을 통해 공개했다. 신곡은 메마른 마음에 서로의 온기가 스며들며 닫혀 있던 마음이 서서히 열리는 과정을 담은 발라드 장르다.,문화/트렌드
싸이·빅뱅·2NE1·블핑…‘30주년’ YG 최초·최고·최다 기록 쏟아냈다,"YG엔터테인먼트가 창립 30주년을 맞았다. YG의 아티스트들은 한국 음악 시장뿐만 아니라 글로벌에서도 큰 반향을 일으켰고, 여러 기록들을 세우며 성공을 거두었다.",문화/트렌드
“BTS 가짜 굿즈 몰수·폐기” 美 투어 앞두고 하이브 법적조치,하이브가 BTS의 미국 투어 기간 가짜 굿즈 판매를 막기 위한 조치에 나섰다. 하이브는 불법 복제 상품을 판매하는 이들이 공식 굿즈와 외형은 비슷하나 더 저렴하고 품질이 떨어지는 가짜 상품을 팔고 있다고 주장했다.,문화/트렌드
"NH농협, 세종 조치원복숭아축제에 1억 원 후원","NH농협은행 세종본부가 1억원을 후원해 조치원복숭아축제를 성공적으로 개최할 수 있도록 지원했다. 이번 축제는 24일부터 26일까지 조치원읍 세종시민운동장과 도도리파크 일원에서 복숭아 특별판매전과 헬기탑승체험, 복숭아 맥주 밤마실 등 다양한 프로그램을 진행할 예정이다.",문화/트렌드
"투바투 연준, 솔로도 잘 나가네…美 'Z100 서머배시' 출격","투모로우바이투게더 연준이 미국의 유명 라디오 방송사 Z100가 주최하는 야외 콘서트 'Z100 서머배시'에 합류했다. 연준은 한국 가수 최초로 이 무대에 올라 현지 관객들과 만날 예정이며, 앞서 미국 ABC 대표 아침 뉴스 '굿모닝 아메리카'가 주최하는 '서머 콘서트 시리즈'에도 출연을 확정했다.",문화/트렌드
"손태진, 8월 22-23일 수원서 단독 콘서트 ‘THE MAESTRO’ 추가 개최",손태진이 오는 8월 22~23일 양일간 수원 경기아트센터 대극장에서 단독 콘서트 '2026 손태진 단독 콘서트 'THE MAESTRO''를 개최한다. 손태진은 클래식과 트로트 등 장르를 넘나드는 음악적 스펙트럼을 바탕으로 관객들에게 깊은 울림을 전할 예정이다.,문화/트렌드
"재하, '인생은 오디션'→'더트롯쇼' 접수…라디오·무대 넘나드는 전방...",재하가 13일 SBS Life '더트롯쇼'에 출연하여 '너와 내가'를 무대에서 선보였다. 재하는 지난 5월 발매된 곡인 '너와 내가'는 뜨겁게 사랑했던 지난 시간을 회상하며 닿을 수 없는 연인을 향한 그리움을 담아냈다.,문화/트렌드
"티파니 영, 가수 본업 복귀…첫 정규 앨범 나온다",티파니 영이 첫 번째 솔로 정규 음반 'Edge of Calm'을 발매한다. 티파니 영은 오는 8월 20일 음원과 뮤직비디오를 동시에 공개할 예정이다.,문화/트렌드
"천안 K-컬처 박람회, 개막 D-50일 ··· 'K-콘텐츠 집결' 청사진 공개","2026년 천안 K-컬처 박람회는 오는 9월 2일부터 6일까지 독립기념관에서 개최될 예정이다. 올해의 주제는 'K-컬처, 세계의 중심에 서다'이며, 박람회의 핵심 콘텐츠는 K-콘텐츠의 현재와 미래를 체험할 수 있는 4대 테마 전시·체험 프로그램이다.",문화/트렌드
"리센느, 출연만 하면 대박…'아형' 이어 '전참시' 화제성 1위",리센느가 출연한 MBC '전지적 참견 시점'이 7월 2주차 TV 비드라마 화제성 조사에서 1위를 차지했다. 리센느는 이번 조사에서 TV 비드라마 출연자 화제성 2위에 이름을 올렸다.,문화/트렌드
TV 플랫폼' 키우는 LG전자…채널 확대로 FAST 경쟁력 강화,"LG전자는 무료 스트리밍 서비스 'LG채널'의 전 세계 채널 수를 5000개 이상으로 확대했다. LG전자의 플랫폼 전략은 TV 판매량보다 설치 기반에 더 중요하며, 광고와 콘텐츠 사업 경쟁력을 좌우한다고 한다.",문화/트렌드|IT/과학
"복수하고, 회사를 이끌고, 자신의 길을 만든다…외국인들이 주목한 K-드...","한국 드라마의 여성 주인공이 최근 크게 변했다. 그동안의 로맨스를 중심으로 하는 서사 구조를 벗어나 직접 자신의 목표와 경쟁을 통해 이야기를 움직이는 캐릭터로 바뀐 것이다. 여기서 가장 큰 변화는 여성 캐릭터가 하나의 이미지로 규정되지 않는다는 점이다. 여성이 기업 대표, 변호사, 복수를 위한 설계자 등 다양한 역할을 맡고 있으며, 그들은 성공하거나 실패하는 모습을 모두 보여준다.",문화/트렌드
"LG전자 webOS 콘텐츠 서비스 'LG채널', 글로벌 채널 5000개 돌파","LG전자는 자체 광고 기반 무료 스트리밍 TV(FAST) 서비스 'LG채널'의 운영 국가를 37개국으로 늘렸다. 이로써 LG채널은 전 세계적으로 제공하는 채널 수도 5000개를 넘어섰고, 유럽 서비스 국가는 17개국이 되었다.",문화/트렌드|IT/과학
"노윤서, 데뷔 후 첫 사극 이어 예능 고정 멤버 합류…'언니네 산지직송...","배우 노윤서가 tvN 새 예능 '언니네 산지직송3'에 합류하여 데뷔 첫 예능 고정 멤버로 출연한다. 이번 프로그램에는 염정아, 김선영, 강유석, 노유석도 함께 하며, 방송 전부터 많은 기대를 모으고 있다.",문화/트렌드
김부장' 시청률도 화제성도 1위...소지섭 '브랜드평판 TOP',"소지섭이 1위를 차지했다. 소지섭 브랜드는 빅데이터 분석에서 '탄탄하다, 통쾌하다, 묵직하다'가 높게 나왔고 긍부정비율분석에서는 93.58%로 분석됐다.",문화/트렌드
"‘SNL 코리아’ 김규원, ‘아파트’로 넓힌 연기 스펙트럼","김규원은 JTBC 새 토일드라마 '아파트'에서 큰둥이 역으로 등장하여 강한 인상을 남겼다. 그는 캐릭터의 반전 매력을 자연스럽게 풀어내며 시청자들의 시선을 사로잡았고, 자신의 연기 스펙트럼을 한층 넓혔다. 김규원은 거친 세계의 의리를 동경하면서도 마음만큼은 누구보다 여리고 순수한 큰둥이의 양면성을 안정감 있게 그려냈다. 위기 속에서도 끝까지 박해강의 곁을 지키는 큰둥이의 충심은 인물의 진정성을 더했다.",문화/트렌드
제네시스 챔피언십 10월 개최…이정환 방어전,"제네시스 챔피언십은 2024년부터 KPGA 투어와 DP 월드투어 공동 주관 대회로 변경되면서 글로벌 골프대회로 성장했다. 이정환은 지난해 한국에서 열린 대회에서 우승하여 생애 첫 DP 월드투어 정상을 차지했으며, 이번 대회에서는 타이틀 방어에 도전한다.",문화/트렌드
"위닉스, '가족관계증명서'에 생활가전 5종 협찬","위닉스는 MBC 일일드라마 '가족관계증명서'에 생활가전 제품 5종을 협찬한다. 위닉스는 공기청정기, 컴팩트 건조기, 뽀송 인버터 제습기, 얼음정수기 등 생활가전 5종을 드라마 주요 공간에 지원했다.",문화/트렌드
“한국의 ‘빨리빨리’ 문화 배워…‘3S’ 투자유치 전략”,"인도 안드라프라데시주의 장관은 한국 기업을 향한 투자 유치의지를 밝혔다. 그는 ""속도, 안정성, 서비스""를 안드라프라데시주의 핵심 투자 전략으로 내세웠다.",경제|사회/세계
"하트오브우먼, 수록곡 3편 뮤비 전 세계 동시 공개…돋보이는 '콘셉트 ...","하트오브우먼은 역대급 스케일의 행보로 K팝 시장에서 큰 화제를 낳고 있다. 그들은 데뷔 앨범 '하트 바이트 : 레거시' 타이틀곡 '나를 잃지 않는 방법(Lost in Proof)', '스킷(Skit.exe)', '달라($.$)', 그리고 최근 '클로스 투 미(Close To Me)'까지 수록곡 뮤직비디오를 릴레이 공개했다.",문화/트렌드
[테슬라 독주…현대차 반격]'꿈의 차' 기다리던 테슬라 차주들이 소송에...,"테슬라의 완전자율주행 시스템인 FSD는 국내에서는 구현되지 않고 있다. 테슬라 측은 국토부 규제 탓으로 지연의 원인을 돌리고 있지만, 법무법인 동인의 황 변호사는 이행 시기만 정해지지 않았을 뿐이고 언젠가 반드시 제공해야 하는 계약인 만큼 '상당한 기간' 내에 이행돼야 한다고 주장했다. 테슬라 측은 FSD 라이트 버전의 도입 가능성을 이유로 일부 기능이행이 있었다고 주장하고 있지만, 황 변호사는 소비자가 구매한 것은 부분 자율주행이 아니라 완전자율주행 옵션이라며 '수박을 샀는데 호박을 주었다'고 반박했다.",IT/과학|사회/세계
하이트진로 한국콜마 롯데홈쇼핑 外(유통家 이모저모),"롯데홈쇼핑은 영등포구의 반찬 나눔 조리시설 ‘희망수라간’을 리모델링하고, 영등포구사회복지협의회에 기부금 8천만 원을 전달했습니다. 롯데홈쇼핑은 대학생 서포터즈 운영과 임직원 봉사활동을 확대해 독거 어르신 및 소외계층을 위한 건강한 식생활 지원을 강화할 방침입니다. 롯데백화점이 오는 17일부터 9월 17일까지 잠실점 지하 1층 식품관에서 예능 ‘스트릿 레스토랑 파이터’ 릴레이 팝업스토어를 운영합니다.",라이프
"롯데百, '스트릿 레스토랑 파이터' 릴레이 팝업 연다",롯데백화점은 현재 tvN에서 방영 중인 예능 프로그램 '스트릿 레스토랑 파이터' 출연 셰프들의 대표 메뉴를 한자리에서 만나볼 수 있는 릴레이 팝업스토어를 오는 17일부터 9월17일까지 9주간 잠실점 지하 1층 식품관에서 운영한다. 이번 릴레이 팝업스토어의 첫 번째 주인공은 한식 오마카세 '을지로보석'의 조서형 셰프가 방송 1화 공개 직후 가장 큰 화제를 모은 메뉴인 '찹쌀 누룽지 김치 치즈닭'을 선보였다.,라이프|문화/트렌드
"쎄쎄모' 모디세이, 스파이 등장에 팀워크 붕괴 위기 '반전 플레이 예고...","글로벌 루키' 모디세이(MODYSSEY)가 예측을 허용하지 않는 레이스 미션에 돌입, 스파이까지 등장하면서 치열한 심리전이 펼쳐질 전망이다. 이번 방송에서는 멤버들이 헝위 팀과 수런 팀으로 나뉘어 '중남 F7 방울 레이스'에 도전한다.",문화/트렌드
"쿄카, ""저는 이런 거 좋아하지 않아요""…'킬잇' 촬영장 긴장 켜졌다",tvN 예능방송 '킬잇: 스타일 크리에이터 대전쟁'에 스트리트 댄서 쿄카가 스페셜 저지로 합류했다. 쿄카는 직접 의상과 다른 참가자들의 스타일을 맞추는 미션에 참여하며 현장을 환호와 긴장감이 교차하는 장으로 만든다.,문화/트렌드|사회/세계
"불꽃야구2', 열 번째 직관 상대는 선성권→강동우 화성 코리요…예매 ...","""불꽃야구2"" 2026 시즌이 진행 중인 가운데, 열 번째 직관 경기가 예고되었다. 상대는 화성 코리요다이며, 13일 유튜브 채널 '스튜디오시원 StudioC1'에는 '[불꽃야구2] 시즌 열 번째 직관 | Studio C1' 영상이 게재되었다.",문화/트렌드|사회/세계
"아유무 이마즈·리센느, '더쇼' 리부트 후 첫 글로벌 라인업 합류",SBS Life 'THE SHOW(더쇼)'가 리부트된 이후 두 번째 방송에서는 글로벌 팬을 겨냥한 무대와 다양한 연계 콘텐츠를 한 번에 선보인다. 이번 방송은 국내외 아티스트들의 컴백·데뷔 무대와 함께 팬 참여형 코너들이 결합해 생방송 전후를 잇는 구성이 마련되어 있다.,문화/트렌드
"YG엔터테인먼트, K팝 '최초·최고·최다' 기록으로 30년 발자취","YG엔터테인먼트가 설립 30년을 맞아 그동안 K팝 시장에서 쌓아온 수치와 기록들을 통해 발자취를 돌아보았다. YG엔터테인먼트 소속 아티스트들은 음원, 뮤직비디오, 글로벌 차트 및 음반 판매 등 다양한 분야에서 ‘최초’, ‘최고’, ‘최다’라는 표현이 붙는 결과를 남기며 K팝 안팎의 변곡점을 만들었다.",문화/트렌드
"JYP 박진영·트와이스·스트레이 키즈, 美 레코딩 아카데미 회원 선정",JYP엔터테인먼트 소속 아티스트와 주요 경영진이 미국의 레코딩 아카데미(Recording Academy) 회원으로 대거 합류했다. 이에 따라 향후 활동 저변에도 변화가 발생할 수 있다.,문화/트렌드
"티파니 영, ♥변요한과 결혼 후 열일 행보…8월 첫 솔로 정규 발매[공식...",티파니 영이 첫 솔로 정규 앨범 '엣지 오브 캄(Edge of Calm)'을 8월 20일 발매한다고 밝혔다. 티징 콘텐츠는 앞서 앨범 프리오더를 시작으로 30일부터 7월 11일까지 순차적으로 공개될 예정이다.,문화/트렌드
"브브걸, 청량한 여름 감성 담았다...'바디 웨이브' 단체 콘셉트 공개",그룹 브브 걸이 수영장과 요트를 배경으로 한 청량한 비주얼로 컴백 기대감을 높였다. 브브 걸은 환한 미소와 자신감 넘치는 포즈가 더해진 모습으로 밝고 시원한 에너지를 보였다.,문화/트렌드
"데이식스 영케이, 몽환적 비주얼","그룹 데이식스(DAY6)의 영케이가 새 솔로 앨범 콘셉트 포토를 공개하며 컴백 열기를 최고조로 끌어올렸다. 이번 정규 2집은 지난해 9월 발표한 앨범 이후 약 3년 만의 신보로서, 타이틀곡 'Shut The Door'를 비롯해 총 15곡 전곡의 크레디트에 이름을 올리며 싱어송라이터로서 음악적 역량을 집약했다.",문화/트렌드
"데이식스 영케이, 푸른빛 감성 물들었다…'YOUNGEST' 첫 콘셉트 포토 공...",밴드 DAY6 영케이가 두 번째 솔로 정규앨범 'YOUNGEST'의 첫 콘셉트 포토를 공개했다. 공개된 사진 속 영케이는 화이트 의상에 푸른빛 배경을 더한 스타일링으로 차분한 분위기를 연출하며 앨범이 지닌 감성을 암시했다.,문화/트렌드
"누에라, 미니 4집 ‘.이엑스이’ 콘셉트 포토 공개…키치한 핑크빛 무드...",그룹 누에라가 컴백을 알렸다. 그룹은 핑크빛 감성의 콘셉트 포토와 필름을 공개하며 로맨틱한 분위기를 표현했다.,문화/트렌드
"원팩트, 새 싱글 'TUNED IN' 스케줄러로 컴백 카운트다운",그룹 ONE PACT가 새 디지털 싱글을 앞두고 컴백 준비를 하고 있다. 그들은 7월 23일에 싱글 'TUNED IN'을 발매할 예정이다.,문화/트렌드
"세븐틴 디노, 이문세와 손 잡았다…솔로 음반 선공개 D-1",그룹 세븐틴의 디노가 부캐 '피철인'으로 활동을 시작한다. 디노는 15일 오후 6시에 미니 1집 수록곡 '아프지 않은 이별은 없다 (narr. 이문세)'를 선공개할 예정이다.,문화/트렌드
